Especies,Conteo,Estacion,,Suma de Conteo,Etiquetas de columna,,,,,,,,,,,,,,,,,,,,,,,,,,,,,,,,,,
Actinocyclus senarius,2,S06B,,Etiquetas de fila,A01A,A01B,A02A,A02B,A03A,A03B,A04A,A04B,A05A,A05B,A06A,G01A,G01B,G02A,G02B,G03B,G04A,G04B,G05A,G05B,G06A,G06B,S01A,S01B,S02A,S02B,S03A,S03B,S04A,S04B,S05A,S05B,S06A,S06B,Total general
Bacillaria paxillifer,26,S06B,,Actinociclus sp,,,,,,,,,,,6,,,,,,,,,,,,,,,,,,,,,,,,6
Bacteriastrum hyalinum,4,S06B,,Actinocyclus senarius,,,,,,,,,,,,,,,,,,,,,,,,,,,,4,,,,,,,4
Cerataulina pelagica,1,S06B,,Actinoptychus senarius,,,,,,2,,,,,8,,,,,,,,,1,,,,,,,,,,,,,,2,13
Chaetoceros affinis,31,S06B,,Actinotycus senarius,,,,,,,,,,,,,,,,,,,,,,,,,,,,,,4,,,,,4
Chaetoceros compressus,8,S06B,,Actynoptychus senarius,,,,,,,,1,,,,,,,,,,,,,,,,,,,,,,,,,,,1
Chaetoceros curvisetus,268,S06B,,aff Dactiliosolen,,,,,,,,,,,,,,,,,,,,,,,,,,,1,,,,,,,,1
Chaetoceros danicus,3,S06B,,aff Surriliella,,,,,,,,,,,,,,,,,,,,,,,,,,,1,,,,,,,,1
Chaetoceros denticulatus,1,S06B,,Alexandrium sp,,,,,,,,,,,,,,,,,,,,,,,,,,3,,,,,,,,,3
Chaetoceros diversus,4,S06B,,Asteromphalus sp,,,,2,,,,,,,,,,1,,,,,,,,,,,,,,,,,,,,,3
Chaetoceros lorenzianus,58,S06B,,Aulacodiscus archagelskianus,,,,,,,,,,,,,,,,,,1,,,,,,,,,,,,,,,,,1
Chaetoceros peruvianus,5,S06B,,Aulacodiscus archangelskianus,,,,,,,,,,,,,,,,,,,,1,,,,,,,,,,,,,,,1
Chaetoceros sp 1,47,S06B,,Aulacodiscus kittonii,,,,,,,,,,,,,,,,,,,,,,,,,,,,,,,,1,,,1
Chaetoceros subtilis,9,S06B,,Bacillaria paxillifera,,,,,,,,,,,,,,,,,,,,,,,,,,,,12,,15,,14,,26,67
Coscinodiscopsis jonesiana,151,S06B,,Bacteriasrum delicaulum,,,,,,,,,,,2,,,,,,,,,,,,,,,,,,,,,,,,2
Coscinodiscus asteromphalus,29,S06B,,Bacteriasrum hyalinum,,,,,,,,,,,,,,,,1,,,,,,,,,,,,,,,,,,,1
Coscinodiscus granii,19,S06B,,Bacteriastrum delicatulum,,,,,,,,,,,,,,,,,3,,7,,7,,,,,,2,5,,,,,3,,27
Coscinodiscus perforatus,26,S06B,,Bacteriastrum furcatum,1,2,,,,,,,,,,,,1,,,1,,,1,1,,,,,,,,1,,,,,,8
Coscinodiscus radiatus,15,S06B,,Bacteriastrum hyalinum,2,,,,,,,4,,,,4,,6,,,4,1,7,,,,,,,,,,9,8,23,7,5,4,84
Coscinodiscus sp 1,40,S06B,,Bacteriastrum hyalium,,,,,,,,,,,,,,,3,,,,,,,,,,2,,,,,,,,,,5
Coscinodiscus sp 2,29,S06B,,Balliralia paxilifera,,,,,,11,,,,,,,,,,,,,,,,,,,,,,,,,,,,,11
Coscinodiscus wailesii,1,S06B,,Central desconocida,,,,,,,,,,,,,,,,,,,1,,,,,,,,,,,,,,,,1
Ditylum brightwellii,10,S06B,,Ceratauliba bidentata,,,,,,,,,,,,,,,,,,,,,,,,,,,,,,,1,,,,1
Guinardia flaccida,34,S06B,,Cerataulina (?),,,,,,,,,,,,1,,,,,,,,,,,,,,,,,,,,,,,1
Gyrosigma sp,9,S06B,,Cerataulina ?,,,,,,,,,,,,,,,,,,,,,4,,,,,,,,,,,,,,4
Lioloma elongatum,5,S06B,,Cerataulina aff peligica,,,,,,1,,,,,,,,,,,,,,,,,,,,,,,,,,,,,1
Lithodesmium undulatum,5,S06B,,Cerataulina bicornis,,,,,,,,,,,,,2,,,,,1,,,,,,,,,,,,,1,,,,4
Navicula sp,1,S06B,,Cerataulina dentata,,,,,,,,,,,,,,,,,,,1,,,,,,,,,5,,,,,,,6
Nitzschia sigmaformis,1,S06B,,Cerataulina pelagica,,3,,2,,,,,,,,1,,5,2,,,,1,,2,,,,,4,,3,,3,2,,1,1,30
Nitzschia sigmoidea,1,S06B,,Cerataulina sp,,,,,,,,,,,,,,,,,,,,,,,,,,,,,,,,5,3,,8
Prorocentrum lima,1,S06B,,Ceratocoris horrida,1,,,,,,,,,,,,,1,,,,,,,,,1,,,,1,,,,,,,,4
Prorocentrum sp,1,S06B,,Ceratocory horrida,,,,,,,,,,,,,,,,,,,2,,,,,,,,,,,,,,,,2
Proboscia alata,2,S06B,,Ceratocorys horrida,,,1,,,,,,,,,,1,,,,,,,,,,,,,,,,,,,1,,,3
Protoperidinium sp 1,5,S06B,,Chaertoceros lorenzianus,,,,,,,,,,,,,,,,16,,,,,,,,,,,,,,,,,,,16
Pseudonitzschia sp,4,S06B,,Chaetocero curvisetus,,,,,,10,,,,,,,,,,,,,,,,,,,,,,,,,,,,,10
Rhizosolenia imbricata,6,S06B,,Chaetoceroa diversus,2,,,,,,,,,,,,,,,,,,,,,,,,,,,,,,,,,,2
Rhizosolenia setigera,2,S06B,,Chaetoceros aff lacinosus,,,,,,,,,,,,,,,,,2,,,,,,,,,,,,,,,,,,2
Skeletonema costatum,840,S06B,,Chaetoceros aff paradoxus,,,,,,,,,,,,,,,,,,,,,,,,,,,,,,,8,3,,,11
Stephanopyxis sp,2,S06B,,Chaetoceros affinis,,2,,,,,,12,,1,19,23,2,12,2,2,2,,8,23,18,25,,2,,,19,32,50,5,55,12,29,31,386
Stephanopyxis turris,13,S06B,,Chaetoceros brevis,,,,,,,,,,,,,,,,,8,5,,4,,,,,,,,7,11,,,4,,,39
Thalassiosira nitzschioides,28,S06B,,Chaetoceros brevis complex,,,,,,,,,,,,,,,,,,,,,,,,,,,6,,,,,,,,6
Trieres chinensis,50,S06B,,Chaetoceros coartactus,,,,,,,,,,,,,,,,,,,,,,,,,,,,,,,,,4,,4
Trieres mobiliensis,13,S06B,,Chaetoceros coartatus,,,,,,,,,,,,,,,,,,,,,,,,,,,,,,,2,,,,2
tripos eugramus,4,S06B,,Chaetoceros compresus,,,,,,,,,,,,,,,,,,,,,,,,,,,,,,,2,,,8,10
Aulacodiscus kittonii,1,S05B,,Chaetoceros curvisetus,,9,,,,,,,,6,,,7,,,4,,4,,,,,,,,16,,1,,9,,171,70,268,565
Bacillaria paxillifer,14,S05B,,Chaetoceros curvisetus ,,,,7,,,,,,,,,,,,,,,,,,,,,,,,,,,,,,,7
Bacteriastrum hyalinum,7,S05B,,Chaetoceros danicus,,6,,,,,,,,,6,,,,3,,3,1,3,,,,,2,,,1,10,4,,11,6,15,3,74
Cerataulina sp,5,S05B,,Chaetoceros danicuus,,,,,,,,,,,,9,,,,,,,,,,,,,,,,,,,,,,,9
Ceratocorys horrida,1,S05B,,Chaetoceros debilis,,5,,,,,,,,,,,,,,,,3,,,,18,,,,,,,,,10,58,,,94
Chaetoceros paradoxus,3,S05B,,Chaetoceros denticulatus,,,,,,,,,,,,,,,,,,,,,,,,,,,,,1,2,4,,2,1,10
Chaetoceros affinis,12,S05B,,Chaetoceros diversus,,5,8,4,,,,,2,,,,9,,6,3,5,11,4,,,14,7,4,,,18,7,29,,12,6,6,4,164
Chaetoceros brevis,4,S05B,,Chaetoceros lorenzianus,4,7,4,6,,,,4,,,,20,,,2,,9,,,3,4,,,4,,,20,5,17,,23,24,21,58,235
Chaetoceros curvisetus,171,S05B,,Chaetoceros lorezianus,,,,,,,,,,,,,,,,,,,,,,,,,,,,,,8,,,,,8
Chaetoceros danicus,6,S05B,,Chaetoceros paradoxus,,,,,,,,,,,,,,,,,6,,,,,3,,,,,,,2,,,19,,,30
Chaetoceros debilis,58,S05B,,Chaetoceros paradoxus ,,,,,,,,,,,,,,,,,,,,3,,,,,,,,,,,,,,,3
Chaetoceros diversus,6,S05B,,Chaetoceros peruvianus,,1,,,,,,3,,,,,,,,1,,1,,,,,,,,,,,3,,1,,4,5,19
Chaetoceros lorenzianus,24,S05B,,Chaetoceros protuberans,,,,,,,,,,,,,,,,,4,,,,,,2,,,,,,,,,,,,6
Chaetoceros paradoxus,19,S05B,,Chaetoceros pseudocurvisetus,,,,,,,,,,,,,,,,,,,,,,,,,,,,,4,,,,,,4
Chaetoceros sp 1,35,S05B,,Chaetoceros radicans,,,,,,,,,,,,,,,,,,,,,,,,,,,,,,,,,1,,1
Chaetoceros sp 3,7,S05B,,Chaetoceros sp,,,,,,,,14,,,,,,4,6,,,10,,6,,9,,,,,,,28,,21,35,63,47,243
Coscinodiscopsis jonesiana,53,S05B,,Chaetoceros sp 2,,,,,,,,,,,,,,,,,,,,,,,,,,,,,,,,,5,,5
Coscinodiscus asteromphalus,1,S05B,,Chaetoceros sp 3,,,,,,,,,,,,,,,,,,,,,,,,,,,,,,,,7,,,7
Coscinodiscus radiatus,13,S05B,,Chaetoceros subtilis,,,,,,,,,,,,,,,,,,,,,,,,,,,,,,,,,,9,9
Coscinodiscus sp 1,13,S05B,,Chaetocerso danicus,,,,,,,,,,,,,,7,,,,,,,,,,,,,,,,,,,,,7
Coscinodiscus sp 2,50,S05B,,Chaetocerso diversus,,,,,,,,,,,,26,,,,5,,,,,,,,,,,,,,,,,,,31
Coscinodiscus granii,2,S05B,,Chetoceros diversus,,,,,,,,,,,,,,,,,,,,,,,,,,,,,,8,,,,,8
Dinophysis caudata,2,S05B,,Cianobacteria,,,,,,83,,,,,,,,,,,,,,,,,,,,,47,,,,,,,,130
Ditylum brightwellii,5,S05B,,Climacodiun frauenefeldianum,,,,,,,,,,,,,,4,,,,,,,,,,,,,,,,,,,,,4
Guinardia flaccida,17,S05B,,Coscinodicus sp 2,,,,,,,,,,,,,,,,,,,,,,,,,,,,36,,,,,,,36
Gyrosigma sp,2,S05B,,Coscinodiscopsis joenesiana,,,3,,3,8,,16,,,60,,,,1,,,6,,,,,,,,,,,,,,,,,97
Gyrosigma sp 2,2,S05B,,Coscinodiscopsis joenesiasa,,,,,,,,,,,,,,,,,,,,,,,1,,,,,,,,,,,,1
Hobaniella longicruris,2,S05B,,Coscinodiscopsis joneseana,,,,,,,,,,,,,,,,,,,,,,,,,,,,,,,,53,6,,59
Lioloma elongatum,3,S05B,,Coscinodiscopsis jonesiana,,1,,5,,,,,4,51,,,,,,2,,,1,17,10,,,,,,,26,,10,,,,151,278
Lithodesmium undulatum,9,S05B,,Coscinodiscopsis sp,,,,,,,,,,,,,,,,,,,,,,,,,,,,,,7,,,,,7
Melosira sp,2,S05B,,Coscinodiscopssis jonesiana,,,,,,,,,,,57,,,,,,,,,,,,,,,,,,,,,,,,57
Nitzschia sigmaformis,2,S05B,,Coscinodiscus af asteromphalus,,,,,,,,2,,,,,,,,,,,,,,,,,,,,,,,,,,,2
Nitzschia sp,9,S05B,,Coscinodiscus asterompahlus,,,,,,,,,,,,,,,,,,,,,,,,,,,,,,,,1,,,1
Phalacroma mitra,1,S05B,,Coscinodiscus asteromphalus,,,,,,,,,,,3,,,,,1,,1,,,,,,1,,,,,,,,,,29,35
Proboscia sp,3,S05B,,Coscinodiscus centralis,,,,,,2,,,,,2,,,,,,,,,,,,,,,,,,,,,,,,4
Protoperidinium sp 1,1,S05B,,Coscinodiscus gigas,3,4,4,5,,,7,,4,,,3,7,,1,12,2,1,11,,11,,7,16,5,5,8,1,1,,,,1,,119
Protoperidinium sp 2,1,S05B,,Coscinodiscus granii,3,8,1,15,,,6,4,,5,17,,2,1,5,11,1,3,12,7,32,2,2,4,1,3,,3,1,,1,,4,19,173
Protoperidinium sp 3,1,S05B,,Coscinodiscus marginatus,,,,,,,,,,,,,,,,,,1,,,,,,,,,,,,,,,1,,2
Pseudonitzschia sp,5,S05B,,Coscinodiscus perforatrus,,,,,,,,,,,,,,,,,,,,,,,,,,,,,,,,,6,,6
Rhizosolenia imbricata,7,S05B,,Coscinodiscus perforatus,,2,,2,,,,5,1,,8,,,,1,,,2,6,10,,,,,,,,6,2,2,,,,26,73
Skeletonema costatum,442,S05B,,Coscinodiscus radiatus,,1,,,,,,,,4,,,,,,,,1,1,,3,,,1,,,,,,,,13,1,15,40
Stephanopyxis turris,5,S05B,,Coscinodiscus sp,,,,,,,,,,4,1,,,,,,,,,,,,,,,,,,,,,13,3,40,61
Thalassionema nitzschioides,21,S05B,,Coscinodiscus sp ,,,,,,,,,,,,,,,,,,,4,,,,,,,,,,1,,,,,,5
Trieres chinenesis,38,S05B,,Coscinodiscus sp 1,,,,,,,,,,,,,,,,,,,,8,,,,,,,,,,,,,,,8
Trieres mobiliensis,20,S05B,,Coscinodiscus sp 2,,7,,,,3,,,2,6,,,2,,4,,9,1,11,12,7,4,1,2,,1,,,4,,1,50,20,,147
Tripos extensum,2,S05B,,Coscinodiscus sp 3,,,,,,,,,,,,,,,,,,7,,2,,,,,,,,3,,6,,,,,18
Bacteriastrum delicatulum,3,S06A,,Coscinodiscus sp2,,,,,,,,,,,,,,,,,,,,,,,,,,,,,,,,,,29,29
Bacteriastrum hyalinum,5,S06A,,Coscinodiscus wailesii,,,,,,,,,,2,,,,,,,,,,,,,,2,3,,,,,,,,,,7
Cerataulina pelagica,1,S06A,,Coscinodiscus wailesii (?),,,1,,,,,,,,,,,,,,,,,,,,,,,,,,,,,,,,1
Cerataulina sp,3,S06A,,Coscinodiscus wailessii,,,,,,,,,,,,,,,,,,,,,,,,,,,,,,,,,2,,2
Chaetoceros affinis,29,S06A,,Coscinodiscus wailessii ,,,,,,,,,,,,,,,,,1,,,,,,,,,,,,,,,,,,1
Chaetoceros coarctatus,4,S06A,,Coscinodiscus waillesii,,1,,,,,,,1,,,,,,,3,,,,,7,,,,,,,,,,,,,1,13
Chaetoceros curvisetus,70,S06A,,Coscinodiscus waillessi,,,,,1,,,,,,,,,,,,,,,,,,,,,,,,,,,,,,1
Chaetoceros danicus,15,S06A,,Coscinodiscus waillessi-gigas,,,,,5,,,,,,,,,,,,,,,,,,,,,,,,,,,,,,5
Chaetoceros denticulatus,2,S06A,,Coscinodiscus waillessii,,,,,,,,,,,7,,,,,,,,,,,,,,,,,5,,,,,,,12
Chaetoceros diversus,6,S06A,,Coscinodispcosis jonesiana,,,,,,,,,,,,,,,,,,,,,,,,,,,,,1,,,,,,1
Chaetoceros lorenzianus,21,S06A,,Coscinodisus gigas,,,,,,,,,,,,,,,,,,,,4,,,,,,,,,,,2,,,,6
Chaetoceros peruvianus,4,S06A,,Coscinoduscus perforatus,,,,,,,,,,,,,,,,1,,,,,,,,,,,,,,,,,,,1
Chaetoceros radicans,1,S06A,,Coscinoiscopsis jonesiana,,,,,,,,,,,,,1,,,,,,,,,,,,,,,,,,,,,,1
Chaetoceros sp 1,63,S06A,,Cosinodiscus asteromphalus,,,,,,,,,,,,,,,,,,,,,,,,,,,,,,,,,9,,9
Chaetoceros sp 2,5,S06A,,Cosinodiscus granii,,,,,,12,,,,,,,,,,,,,,,,,,,,,,,,,,2,,,14
Coscinodiscopsis jonesiana,6,S06A,,Cratocoris horrida,,,,,,,,,,,,,,,,,,,,,,,1,,,,,,,,,,,,1
Coscinodiscus gigas,1,S06A,,Cyclotella striata,,,,,,,,,,,,,,,,,,,,,,,,,2,,,,,,,,,,2
Coscinodiscus granii,4,S06A,,Dactyliosolen sp,,,,,,,,,,,,,,,,,,,,,,,,,1,,,,,,,,,,1
Coscinodiscus marginatus,1,S06A,,Diatomea central peque¤a,,,,,,,,,,,,,,,,,1,,,,,,,,,,,,,,,,,,1
Coscinodiscus perforatus,6,S06A,,Diatomea pennada,,,,,,,,,,,,,,,,,,,,,,,,,,,,,2,,,,,,2
Coscinodiscus radiatus,1,S06A,,Dinoflagelado circular,,,,,,,,,,,,,,,,,,,,,,,1,,,,,,,,,,,,1
Coscinodiscus sp 1,3,S06A,,Dinoflageladodesnudo,1,,,,,,,,,,,,,,,,,,,,,,,,,,,,,,,,,,1
coscinodiscus sp 2,20,S06A,,Dinoflagelados 1,,,,,,,,,,,,,,,,,,,1,,,,,,,,,,,,,,,,1
Coscinodiscus wailesii,2,S06A,,Dinophysis caudata,,2,,,,,,6,,,,,2,2,8,,,,,,,,,,,2,,,,2,,2,,,26
Coscinodiscus asteromphalus,9,S06A,,Dinophysis cuadata,,,,12,,,,,,,,,,,,,,,,,,,,,,,,,,,,,,,12
Ditylum brightwellii,5,S06A,,Diploneis gruendleri,,,,,,,,,,,,,,,,,,1,,,,,,,,,,,,,,,,,1
Gonyaulax sp,1,S06A,,Ditylium,,,,,,,,,,,,,,,,,,,1,,,,,,,,,,,,,,,,1
Guinardia flaccida,17,S06A,,Ditylum brightwellii,,,,,,,,,,,,,,,,,,,,,,,,,,,,,3,3,,5,,10,21
Hemiaulus sinensis,2,S06A,,Ditylum brigthwelli,,,,,,1,,,,,,,5,,1,,,,,,,,,1,,,1,,,,,,,,9
Hemiaulus sp,2,S06A,,Ditylum brigthwellii,,3,2,,,,,,,,,1,,2,,1,1,,,,4,,,,,1,,3,,,,,,,18
Hobaniella longicruris,5,S06A,,Ditylum brithwellii,,,,,,,,,,,,,,,,,,,,4,,1,,,,,,,,,2,,5,,12
Leptocilindrus danicus,2,S06A,,Ditylumbrithwellii,,,,4,,,,,,,,,,,,,,,,,,,,,,,,,,,,,,,4
Lioloma elongatum,2,S06A,,Dity¤um brigthwellii,,,,,,,,,,,,,,,,,,,,,,,,,,3,,,,,,,,,3
Lioloma pacificum,1,S06A,,Dityum brithwellii,,,,,,,,,,,,,,,,,,1,,,,,,,,,,,,,,,,,1
Lioloma pacificum,5,S06A,,Dytilium brigthwellii,,,,,,,,,,,3,,,,,,,,,,,,,,,,,,,,,,,,3
Lithodesmium undulatum,6,S06A,,Dytilum brigthwellii,,,,,,,,4,,,,,,,,,,,,,,,,,,,,,,,,,,,4
Lyrella sp,1,S06A,,Entomoneis sp,,,,,,,,,,,,,,,,,,,,,,,,,,,,1,,,,,,,1
Odontella aurita,9,S06A,,Eucampia zodiacus,,,,,,,,,,,,,,,,,,,,1,,,,,,,,,,,,,,,1
Proboscia sp,2,S06A,,Gonyalacaceae,,1,,,,,,,,,,,,,,,,,,,,,,,,,,,,,,,,,1
Prorocentrum rhathymum,1,S06A,,Gonyaulax sp,,,,2,,,,,,,,,1,1,,,,,,,,,,,3,,,,,,,,1,,8
Prorocentrum sp,1,S06A,,Goyaulax polygrama,,1,,,,,,,,,,,,,,,,,,,,,,,,,,,,,,,,,1
Proboscia alata,2,S06A,,Guinardia delicatula,,,,,,,,,,,,,,,,,,,,,,,,,,,,2,,,,,,,2
Protoperidinium sp 1,2,S06A,,Guinardia flaccida,,,,,,1,,,1,,3,1,,,,3,3,8,1,6,3,,,,,,1,5,2,,11,17,17,34,117
Rhizosolenia cf hebetata,1,S06A,,Guinardia sp,,,,,,,,,,,,,,,,,,,,,,,,,,,,,1,,1,,,,2
Rhizosolenia imbricata,5,S06A,,Guinardia striata,,,,,,,,,,,,,2,,,,,,,,,,,,,,,,,,1,,,,3
Rhizosolenia setigera,1,S06A,,Gunardia delicatula,,,,,,,,,,,,,,,,,,,,,5,,,,,,,,,,,,,,5
Skeletonema pseudocostatum,9,S06A,,Gyrodinium spirale,,,,,,,,,,,1,,,,,,,,,,,,,,,,,,,,,,,,1
Skeletonema costatum,287,S06A,,Gyrosigma sp,,,,,,,,,,,5,,,,2,,3,,2,,7,1,,,,,,3,,4,1,2,,9,39
Skeletonema tropicum,155,S06A,,Gyrosigma sp 2,,,,,,,,,,,,,,,,,,,,,,,,,,,,1,,,,2,,,3
Stephanopyxis turris,1,S06A,,Hemialus hauckii,,,,,,,,,,,,,,,,,,,,,,,,,,,,,,,2,,,,2
Thalassionema nitzschioides,22,S06A,,Hemialus menbranaceus,,,,,,,,,,,,2,,,,,,,,,,,,,,,,,,,,,,,2
Trieres chinenesis,28,S06A,,Hemiaules mambranaceae,,,,,,,,,,,,,,,,,,,,,,,,,,,,,,,1,,,,1
Trieres mobiliensis,11,S06A,,Hemiauls sinensis,,,,,,,,,,,,,,,,,,,,,,,,,,,,,,,,,2,,2
Tripos eugrammus,2,S06A,,Hemiaulus membranaceus,,,,,,,,,,,,,,,,,,,2,,,,,,,,,,,,,,,,2
Tripos muelleri,1,S06A,,Hemiaulus menbranaceae,,1,,,,,,,,,,,,,,,,,,,,,,,,,,,,,,,,,1
Bacteriastrum hyalinum,23,S05A,,Hemiaulus sinensis,,,,,,,,,,,,,,,,,,,,,,,,,,,2,,1,,,,,,3
Cerataulina dentata,1,S05A,,Hemiaulus sp,,,,,,,,,,,,,,,,,,,,,,,,,,,,,,,,,2,,2
Cerataulina bicornis,1,S05A,,Hobaniella longicruris,,,,,,,,1,2,2,1,,,,,,1,11,1,2,2,,,,,,,2,,2,4,2,5,,38
Cerataulina pelagica,2,S05A,,Leptocilindrus danicus,,,,,,,,,,,,,,,,,,,,,,,,,,,,,,,,,2,,2
Chaetoceros paradoxus,8,S05A,,Leptocilindrus sp,,,,,,,,,,,,,,,,,,,,,,,,,,,,,,,3,,,,3
Chaetoceros affinis,55,S05A,,Lioloma elongatum,,,,,,,,,,,,,,,,,1,1,4,,,,,,2,,1,1,3,,,3,,5,21
Chaetoceros coarctatus,2,S05A,,Lioloma elongatun,,,,,,,,,,,,,,,,,,,,,,,,,,,,,,,,,2,,2
Chaetoceros compressus,2,S05A,,Lioloma pacifica,,,,,,,,,,,,,,,,,,,,,,,,,,,,,,,,,1,,1
Chaetoceros danicus,11,S05A,,Lioloma pacificum,,,,,,,,,,,,1,,3,1,1,3,,,1,,,,,,,,1,,2,,,5,,18
Chaetoceros debilis,10,S05A,,Listodemiun undulatum,,,,,,2,,,,,,,,,,,,,,,,,,,,,,,,,,,,,2
Chaetoceros denticulatus,4,S05A,,Listodesmium undulatum,,,,,,,,,,,,,,,,1,,,,,,,,,,,,,,,,,,,1
Chaetoceros diversus,12,S05A,,Listodesmiun undulatum,,,,2,,,,,,,,,,,,,,,,,,,,,,,,,,,,,,,2
Chaetoceros lorenzianus,23,S05A,,Listudesmium undulatum,,3,,,,,,,,,,,,,,,,,,,,,,,,,,,,,,,,,3
Chaetoceros peruvianus,1,S05A,,Lithodesmium undulatum,,,,,,,,,,,,,,,,,,2,9,,,,,,,,,,,,,9,6,5,31
Chaetoceros sp 1,21,S05A,,Lithodesmiun undulatum,,,,,,,,,,,,,,,,,,,,,,,,,,,2,,,,,,,,2
Coscinodiscus granii,1,S05A,,Litodesmium undulatum,,,,,,,,,,,,,,,,,,,,,4,,,,,,,1,1,,1,,,,7
Coscinodiscus sp 2,1,S05A,,Litodesmiun undulatum,,,,,,,1,,,,24,,1,,15,,,,,,,,2,,,,,,,4,,,,,47
Coscinodisus gigas,2,S05A,,Litodesmiun undultum,,,,,,,,8,,,,,,,,,,,,,,,,,,,,,,,,,,,8
Ditylum brightwellii,2,S05A,,Litodesmiun unulatum,,,,,,,,,,2,,,,,,,,,,,,,,,,,,,,,,,,,2
Guinardia flaccida,11,S05A,,Lyrella sp,,,,,,,,,,,,,,,,,,,,,,,,,,,,,,,,,1,,1
Guinardia sp,1,S05A,,Melosira sp,,,,,,,,,,,,,,,,,,,,,,,,,,,,,,,,2,,,2
Guinardia striata,1,S05A,,Meuneira membranacea,,,,,,,,,,,,,,,,,,2,,,,,,,,,,,,,,,,,2
Gyrosigma sp,1,S05A,,Meuneria membranaceae,,,,,,,,,,,,,,,,,,,,,,,,,,,,,,,2,,,,2
Hemiaulus hauckii,2,S05A,,Navicula sp,,,,,,,,,,,,,,,,,,1,2,,,,,,,,,6,,,,,,1,10
Hemiaulus membranaceus,1,S05A,,Neocaliptrella robusta,,,,,,,,,,,,,,,,,,,,,,,,,,,,,1,,,,,,1
Hobaniella longicruris,4,S05A,,Neocallitera robusta,,,,,,,,,,,,,,,,,,,,,,,,,,,,1,,,,,,,1
Leptocilindrus sp,3,S05A,,Neodelphineis pelagica,,,,,,,,,,,,,,,,,,,,,,,,,,,,,,,3,,,,3
Lithodesmium undulatum,1,S05A,,Nepcalliptrella robusta,,,,,,,,,,,,,,,,,,,,,1,,,,,,,,,,,,,,1
Meuniera membranacea,2,S05A,,Nitzschia sigmaformis,,,,,,,,,,,,,,,,,,,,,,,,,,,,,,,,2,,1,3
Neodelphineis pelagica,3,S05A,,Nitzschia sigmoidea,,,,,,,,,,,,,,,,,,,,,,,,,,,,,,,,,,1,1
Phalacroma sp,1,S05A,,Nitzschia sp,,,,,,,,,,,,,,,,,,,1,,,,,,,,,,,,,9,,,10
Plagiotropis sp,1,S05A,,Nizschia closterium,,,,,,,,1,,,,,,,,,,,,,,,,,,,,,,,,,,,1
Proboscia sp,8,S05A,,Odondetella aurita,,,,,,,,,,,1,,,,,,,,,3,,,,,,,,,,,,,,,4
Protoperidinium sp 1,1,S05A,,Odondetlla aurita,,,,,,,,,,,,,,,,1,,,,,,,,,,,,,,,,,,,1
Pseudonitzschia sp,3,S05A,,Odontella aurita,,,,,,,,1,4,2,,,,1,2,3,1,10,10,,7,1,,,,,,3,1,,,,9,,55
Pyrophacus sp,1,S05A,,Odontella sp,,,,,,1,,,,,,,,,,,,,,,,,,,,,,,,,,,,,1
Rhizosolenia bergonii,1,S05A,,Ornitocercus sp,,,,,,,,,,,,,,,,,,,,,,,1,,,,,,,,,,,,1
Rhizosolenia imbricata,6,S05A,,Ornitocercus stenii,,,,,,,,,,,,,,,,,,,,,,,,,,,,,1,,,,,,1
Skeletonema costatum,104,S05A,,Ornitocercus thumii,,,,,,,,,,,,3,,,,,,,,,,,,,,,,,,,,,,,3
Skeletonema tropicum,57,S05A,,Phaeodactylum (?),,,,,,,,,,,6,,,,,,,,,,,,,,,,,,,,,,,,6
Stephanopyxis turris,2,S05A,,Phalachorma mitra,,,,,,,,,,,,,,,,,,,,,,,,,,,,,,,,1,,,1
Thallassionema nitzschioides,1,S05A,,Phalacorma sp,,,,,,,,,,,1,,,,,,,,,,,,,,,,,,,,,,,,1
Trieres chinenensis,13,S05A,,Phalacroma rapa,,,,,,,,,,,,,,,,,,,1,,,,1,,,,1,,,,,,,,3
Tripos declinatum,2,S05A,,Phalacroma sp,,1,,,,,,,,,,,,,,,,,,,,,,,,,,,,,1,,,,2
Tripos eugrammus,2,S05A,,Plagiotropis sp,,,,,,,,,,,,,,,,,,,,,,,,,,,,,,,1,,,,1
Tripos sp,2,S05A,,Planftoniella muriformis,,,,,,77,,,,,,,,,,,,,,,,,,,,,,,,,,,,,77
Bacteriastrum furcatum,1,S04A,,Planktoniella muriformis,,,,,,,,,,,248,,,,,,,,,,,,,,,,,,,,,,,,248
Bacteriastrum hyalinum,9,S04A,,Podolampas bipes,,,,,,,,,,,,,,,,,,,1,,,,,,,,,,1,,,,,,2
Chaetoceros affinis,50,S04A,,Podoloampas bipes,,,,,1,,,,,,,,,,,,,,,,,,,,,,,,,,,,,,1
Chaetoceros brevis,11,S04A,,Probocia sp,,1,,4,,,,3,,,,,,5,1,,1,2,,2,,,2,1,,,2,5,6,1,8,3,,,47
Chaetoceros danicus,4,S04A,,Proboscia sp,2,,,,,,,,,,,,,,,,,,,,,,,,,,,,,,,,2,,4
Chaetoceros denticulatus,1,S04A,,Prorocentrum cf cordatum,,,,,,,,,,,,,1,,,,,,,,,,,,,,,,,,,,,,1
Chaetoceros diversus,29,S04A,,Prorocentrum compressum,,,,,,,,,,,,,,,,,,,,,,,,,,,,,1,,,,,,1
Chaetoceros lorenzianus,17,S04A,,Prorocentrum lima,,,,,,,,,,,,,,,,,,,,,,,,,,,,,,,,,,1,1
Chaetoceros paradoxus,2,S04A,,Prorocentrum mexicanum,,,,,,,,,,,,,,,,,,1,,,,,,,,,,,,,,,,,1
Chaetoceros peruvianus,3,S04A,,Prorocentrum rhatymun,,,,,,,,,,,,,,,,,,,,,,,,,,,,,,,,,1,,1
Chaetoceros pseudocurvisetus,4,S04A,,Prorocentrum sp,,,,,,,,,,,,,,,,,,,,,,,,,,,,,,,,,1,1,2
Chaetoceros sp 1,28,S04A,,Prortoperidinium (pentagonal),,,,,,,,,,,,,,,,,,,6,,,,,,,,,,,,,,,,6
Coscinodiscus gigas,1,S04A,,Prosbocia alata,,,,,,,,,,,,,,,,,,,,,,,,,,,,,,,,,2,2,4
Coscinodiscus granii,1,S04A,,Protoperidinium (circular),,,,,,,,,,1,,,,,,,,,,,,,,,,,,,,,,,,,1
Coscinodiscus perforatus,2,S04A,,Protoperidinium (esperico),,,3,,,,,,,,,,,,,,,,,,,,,,,,,,,,,,,,3
Coscinodiscus sp 1,1,S04A,,Protoperidinium (pentaginal -falda),,,,,,,,,,,,,,,,,,1,,,,,,,,,,,,,,,,,1
Coscinodiscus sp 2,4,S04A,,Protoperidinium (pentagonal),,,,,,,,,,2,,,,,,,,,,,,,,,,,,,,,,,,,2
Coscinodiscopsis jonesiana,1,S04A,,Protoperidinium (pentagonal-falda),,,,,,3,,,,1,,,,,,,,,,,,,,,,,,,,,,,,,4
Diatomea pennada,2,S04A,,Protoperidinium circular,1,5,,,2,,,,,,3,,,,1,,,,,,,,,,,,1,,,,,,,,13
Ditylum brightwellii,3,S04A,,Protoperidinium pentagonal,,,1,,,1,,,,,,,4,,,,,,,,,,,,,,,,,,,,,,6
Guinardia flaccida,2,S04A,,Protoperidinium pentagonal-falconiforma,,,,,,,,,,,,,,,,,,,,,,,,,,,1,,,,,,,,1
Guinardia sp,1,S04A,,protoperidinium pyriforme,,1,,,,,,,,,,,,,,,,,,,,,,,,,,,,,,,,,1
Hemiaulus sinensis,1,S04A,,Protoperidinium pyrum,,,,,,,,,,,,,,,,,,,,,,,,,,,,,1,,,,,,1
Lioloma elongatum,3,S04A,,Protoperidinium pyrum (?),,,,,,,,,,,,1,,,,,,,,,,,,,,,,,,,,,,,1
Lithodesmium undulatum,1,S04A,,Protoperidinium sp,,,,4,,,,,,,,,,,1,,,,,,,,,,,,,,,3,1,,,5,14
Neocalyptrella robusta,1,S04A,,Protoperidinium sp ,,,,,,,,,,,,,,,,,,,,,,,,,,,,,,,,1,,,1
Odontella aurita,1,S04A,,Protoperidinium sp (Circular),,,,,,,,,,,2,,,,,,,,,,,,,,,,,,,,,,,,2
Ornitocercus stenii,1,S04A,,Protoperidinium sp (discotriangular),,,,,,,,2,,,,,,,,,,,,,,,,,,,,,,,,,,,2
Podolampas bipes,1,S04A,,Protoperidinium sp (pentagonal),,,,,,,,1,,,,,,,1,,,,,,,,,,,,,,,,,,,,2
Proboscia sp,6,S04A,,Protoperidinium sp (pentagonal-falda),,,,,,,,,,,4,,,,,,,,,,,,,,,,,,,,,,,,4
Prorocentrum compressum,1,S04A,,Protoperidinium sp 1,,11,,,,,,,,,,,,,,,,,,,,,,,,,,3,,,,,,,14
Protoperidinium pyrum,1,S04A,,Protoperidinium sp 2,,,,1,,,,,,,,,,,,,,,,,,,,,,,,,,1,,1,,,3
Protoperidinium sp 4,1,S04A,,Protoperidinium sp 3,,,,,,,,,,,,,,,,,,,,,,,,,,,,,,,,1,,,1
Pyrodinium bahamense,1,S04A,,Protoperidinium sp 4,,,,,,,,,,,,,,,,,,,,,,,,,,,,,1,,,,,,1
Rhizosolenia imbricata,1,S04A,,Protoperidinium sp3,,,,,,,2,,,,,,,,,,,,,,,,,,,,,,,,,,,,2
Skeletonema costatum,132,S04A,,Protoperidinum sp,,,,,,,,,,,,2,,,,,,,,,,,,,,,,,,,,,,,2
Trieres chinensis,2,S04A,,Protoperidium (pentagonal),,,,,,,,,,,3,,,,,,,,,,,,,,,,,,,,,,,,3
Tripos armatum,1,S04A,,Protoperodinium sp,,,,,,,,,,,,,,,,,,,,,,,,,,,,,,,,,2,,2
Tripos declinatum,2,S04A,,Pseudonitzschia sp,,5,,,,,,,,,,,,,,,,,,,,,,,,,,6,,,3,5,,4,23
Tripos eugrammus,2,S04A,,Pseudonizschia sp,,,,6,,2,,,,,,4,1,,,,,,,,,,,,,,,,,,,,,,13
Tripos extensus,1,S04A,,Pseudonzschia sp,,,,,,,,,,,,,,,,,,,,,,,,,,2,,,,,,,,,2
Tripos muelleri,3,S04A,,Pseudosolenia,,,,,,,,,,,,,,,,1,,,,,,,,,,,,,,,,,,,1
aff Dactiliosolen,1,S03A,,Pseudosolenia calcar-abilis,,,,,,,,,,,,,,,2,,,,,,,,,,,,,,,,,,,,2
aff Surriliella,1,S03A,,Pyrocistis sp,1,,,,,,,,,,,,,,,,,,,,,,,,,,,,,,,,,,1
Bacteriastrum delicatulum,2,S03A,,Pyrodinium bahamense,,,,,1,,,,,,,,,,,,1,,,,,,,,,,,,1,,,,,,3
Ceratocorys horrida,1,S03A,,Pyrodinium sp,,,,,,,,,,,,,1,,,,,,,,,,,,,1,,,,,,,,,2
Chaetoceros affinis,19,S03A,,Pyrofacus sp,,,,,,,,,,,,,,,,,,,,,,,,,,,,,,,1,,,,1
Chaetoceros brevis complex,6,S03A,,Pyrophacus sp,,,,2,,,,,,,,1,,1,,,,,,,,,,,,,,,,,,,,,4
Chaetoceros danicus,1,S03A,,Rhizolenia imbricata,,,,,,,,,,,,,,,,,,,,,,,,,,,,6,,,,,,,6
Chaetoceros diversus,18,S03A,,Rhizolenia imbricata var. Shrubsolei,,,,,,,,,,,,,,,,,,,,,,,,,,,,2,,,,,,,2
Chaetoceros lorenzianus,20,S03A,,Rhizopsolenia imbricata,,,,,,,,,,,,,,,,,,,,,,,,,,,,,,1,,,,,1
Cianobacteria,47,S03A,,Rhizosolenia bergonii,,,,,,,,,,,,,,,,,,,,,,,,,,,,,,,1,,,,1
Coscinodiscus gigas,8,S03A,,Rhizosolenia cf hebetata,,,,,,,,,,,,,,,,,,,,,,,,,,,,,,,,,1,,1
Ditylum brightwellii,1,S03A,,Rhizosolenia cf imbricata,,,,,,,,,,,,4,,,,,,,,,,,,,,,,,,,,,,,4
Guinardia flaccida,1,S03A,,Rhizosolenia imbracata,,,2,,,,,,,,,,,,,,,,,,,,,,,,,,,,,,,,2
Hemiaulus sinensis,2,S03A,,Rhizosolenia imbricata,1,,,,,2,,,,,,,,2,,1,,3,,,,,,,,,2,,1,,6,,5,,23
Lioloma elongatum,1,S03A,,Rhizosolenia imbrincata,,,,3,,,,,,,,,,,,,,,,,4,,,,,,,,,,,7,,6,20
Lithodesmium undulatum,2,S03A,,Rhizosolenia setigera,,,,,,,,,,,,,,,,,,,1,,,,,,,,,,,,,,1,2,4
Phalacroma rapa,1,S03A,,Scripsiella sp,,1,,,,,,,,,,,,,,,,,,,,,,,,,,,,,,,,,1
Proboscia sp,2,S03A,,Skeletonaem pseudoconstatum,,,,,,,,,,,,,,,,,,,,,,,,,,,,,,,,,9,,9
Protoperidinium (circular),1,S03A,,Skeletonema constatum,10,136,12,159,,35,10,78,26,13,251,32,43,65,43,28,,242,36,,132,,70,8,104,45,231,320,132,152,104,442,287,840,4086
Protoperidinium (pentagonal-falconiforma),1,S03A,,Skeletonema constatus,,,,,40,,,,,,,,,,,,,,,,,,,,,,,,,,,,,,40
Rhizosolenia imbricata,2,S03A,,Skeletonema costatum,,,,,,,,,,,,,,,,,,,,,,370,,,,,,,,,,,,,370
Skeletonema costatum,231,S03A,,Skeletonema costatus,,,,,,,,,,,,,,,,,,,,155,,,,,,,,,,,,,,,155
Trieres chinenesis,5,S03A,,Skeletonema pseudoconstatum,,,,,,,,,,,,,,,,,,,,,,,,,,8,,,,,,,,,8
Tripos muelleri,1,S03A,,Skeletonema tropicum,,49,,39,,7,,,,,,,,,6,,,12,,,2,,,,,,,,,,57,,155,,327
Actinocyclus senarius,4,S04B,,Skeletonema trpicum,,,,,,,,,,,,,,,6,,,,,,,,,,,,,,,,,,,,6
Bacillaria paxillifer,15,S04B,,Stellarima sp,,,,,,,,,1,,,,,,,,,,,,,,,,,,,,,,,,,,1
Bacteriastrum hyalinum,8,S04B,,Stephanopixys turris,,,,,,,,,,,,,,,,,,,,,,,,,,,,4,,,,,,,4
Cerataulina pelagica,3,S04B,,Stephanopyxis sp,,,,,,,,,,,,,,,,,,,,,,,,,,,,,,,,,,2,2
Chaetoceros affinis,5,S04B,,Stephanopyxis turris,,,,,,,,,,,,,,,,,,,,,,,,,,,,,,,2,5,1,13,21
Chaetoceros curvisetus,9,S04B,,Streptotheca sp,,,,,,4,,,,,,,,,,,,,,,,,,,,,,,,,,,,,4
Chaetoceros denticulatus,2,S04B,,Stretoteca sp,,,,,,,,,,,7,,,,,,,,,,,,,,,,,,,,,,,,7
Chaetoceros lorenzianus,8,S04B,,Synedra sp,,,,,,,,,,,,,,,,,,1,,,,,,,,,,,,,,,,,1
Chetoceros diversus,8,S04B,,Thalassionema fraiuenfeldii,,,,,,,,,,,,,,,,5,,,,,,,,,,,,,,,,,,,5
Coscinodiscopsis jonesiana,10,S04B,,Thalassionema franfeldii,,,,,,,,,,,35,,,,,,,,,,,,,,,,,,,,,,,,35
Coscinodiscus sp 1,7,S04B,,Thalassionema frauenfeldii,,,,,,,,12,,,,,4,,,,,,,,,,,,,,,,,,,,,,16
Coscinodiscus perforatus,2,S04B,,Thalassionema fraunfeildii,,,,,7,,,,,,,,,,,,,,,,,,,,,,,,,,,,,,7
Coscinodiscus sp 3,6,S04B,,Thalassionema fraunfeldi,,,,,,,,,,,,,,,3,,,,,,,,,,,,,,,,,,,,3
Dinophysis caudata,2,S04B,,Thalassionema fraunfeldii,,,4,,,5,,,,2,3,,,,,,,,,,,,,,,2,,,,,,,,,16
Ditylum brightwellii,3,S04B,,Thalassionema nittzschioides,,,,,,,,,,,,,,,,,,,,8,,,,,,,,,,,,,,,8
Gyrosigma sp,4,S04B,,Thalassionema nitzschioides,,6,,2,,,2,4,,,,,,,15,,,,9,,13,,,,,,,11,,2,,21,22,,107
Hobaniella longicruris,2,S04B,,Thalassionema nitzschioides/pseudo,3,,,,,,,,,,,,,,,,,,,,,,,,,,,,,,,,,,3
Lioloma pacificum,2,S04B,,Thalassionema nitzscioides,,,,,,,,,,,,,,,,,6,,,,,,,,,,,,,,,,,,6
Lithodesmium undulatum,4,S04B,,Thalassionema nizschioides,,,,,,2,,,2,,8,,,,,,,,,,,,2,1,,3,,,,,,,,,18
Proboscia sp,1,S04B,,Thalassionema sp,,,,,,4,3,,,1,1,,2,,,,,,,,,,,,,,,,,,,,,,11
Protoperidinium sp 1,3,S04B,,Thalassiosionema sp,,,,,,,,3,,,,,,,,,,,,,,,,,,,,,,,,,,,3
Protoperidinium sp 2,1,S04B,,Thalassiosira nitzschioides,,,,,,,,,,,,,,,,,,,,,,,,,,,,,,,,,,28,28
Rhizosolenia imbricata,1,S04B,,Thalassiosira sp,1,,,,,,,2,,,3,,,,,1,,,,,,,,,,,,1,,,,,,,8
Skeletonema costatum,152,S04B,,Thallassionema nitzschioides,,,,,,,,,,,,,,,,,,,,,,,,,,,,,,,1,,,,1
Thalassionema nitzschioides,2,S04B,,Thalssionema ,,,,,,,,,,,,,,,,,,,,,,,,,,1,,,,,,,,,1
Trieres chinenesis,9,S04B,,Thassionema fraunfeldii,,,,,,,,,,,,2,,,,,,,,,,,,,,,,,,,,,,,2
Trieres mobiliensis,10,S04B,,Thassionema nitzschioides,,,,,,,,,,,,,,,,,,4,,,,,,,,,,,,,,,,,4
Tripos muelleri,1,S04B,,Thassionema sp,,,,,1,,,,,,1,,,,,,,,,,,,,,,,,,,,,,,,2
Actinocyclus senarius,4,S03B,,Thassiosira sp,,,,,,,,,,4,,,,,,,,,,,,,,,,,,,,,,,,,4
Bacillaria paxillifer,12,S03B,,Trieres chinenensis,,,,,,,,,,,,,,,,,,,,,,,,,,,,,,,13,,,,13
Bacteriastrum delicatulum,5,S03B,,Trieres chinenesi,,,,,,,,,,,,,,2,,,,,,,,,,,,,,,,,,,,,2
Cerataulina dentata,5,S03B,,Trieres chinenesis,1,,3,,,,1,,,,32,2,,,,1,2,11,,10,,6,,,1,2,5,,,9,,38,28,,152
Cerataulina pelagica,3,S03B,,Trieres chinensis,,7,,16,2,5,,20,2,5,5,,7,,5,4,,,2,,22,,2,,,,,16,2,,,,,50,172
Chaetoceros affinis,32,S03B,,Trieres mobiliensis,,,,3,3,7,,11,3,6,15,,,,12,2,,14,15,6,18,,,,,,,7,,10,,20,11,13,176
Chaetoceros brevis,7,S03B,,Trios muelleri,2,,,,,,,,,,,,,,,,,,,,,,,,,,,,,,,,,,2
Chaetoceros curvisetus,1,S03B,,Tripos aff brevis,,,,,,,,,,,,,2,,,,,,,,,,,,,,,,,,,,,,2
Chaetoceros danicus,10,S03B,,Tripos aff muelleri-brevis,,,,,,,,,,,,,,,,,,,,,,,3,,,,,,,,,,,,3
Chaetoceros diversus,7,S03B,,Tripos arietinus,,1,,,,,,,,,,,,,,,,,,,,,,,,,,,,,,,,,1
Chaetoceros lorenzianus,5,S03B,,Tripos armatum,,,,,,,,,,,,,,,,,,,,,,,,,,,,,1,,,,,,1
Coscinodicus sp 2,36,S03B,,Tripos brevis,,,,,,,,,,,,,,,,,,,,,,,1,,,,,,,,,,,,1
Coscinodiscopsis jonesiana,26,S03B,,Tripos candelabrus,,,,,,,,,,,,,,,,,,,1,,,,,,,,,,,,,,,,1
Coscinodiscus gigas,1,S03B,,Tripos cf brevis,,,,,,,,,,,,,,2,,,,,,,,,,,,,,,,,,,,,2
Coscinodiscus granii,3,S03B,,Tripos cf karsteni,,,,,,,,,,,,,,,,1,,,,,,,,,,,,,,,,,,,1
Coscinodiscus perforatus,6,S03B,,Tripos cf mssiliensis,,,,,1,,,,,,,,,,,,,,,,,,,,,,,,,,,,,,1
Coscinodiscus sp 3,3,S03B,,Tripos cf muelleri,,,,,,,,,,,,,,1,2,,,,,,,,,,,,,,,,,,,,3
Coscinodiscus wailesii,5,S03B,,Tripos cf vultur,,,,,,,,,,,,,,1,,,,,,,,,,,,,,,,,,,,,1
Ditylum brightwellii,3,S03B,,Tripos declinatum,,,,,,,,,,,,,,,,,1,,,,,,,,,,,,2,,2,,,,5
Entomoneis sp,1,S03B,,Tripos eugrammus,,,1,,,1,,,,1,1,,,,3,,,,,,,,,,,,,,2,,2,,2,,13
Guinardia delicatula,2,S03B,,tripos eugramus,,6,,4,,,,,,,,,,,,2,,,,,,,,,,,,,,,,,,4,16
Guinardia flaccida,5,S03B,,Tripos extensum,,,,,1,,,,,,,,,,4,,,,,,,,,,,,,,,,,2,,,7
Gyrosigma sp,3,S03B,,Tripos extensus,,,,,,,,,,,,,,2,,,,,,,,,,,,,,,1,,,,,,3
Gyrosigma sp 2,1,S03B,,Tripos fusus,,2,,,,,,,,,,,,1,,,,,1,,1,,,,,,,,,,,,,,5
Hobaniella longicruris,2,S03B,,Tripos lunula,,,1,,,,,,,,,,,,,,,,,,,,,,,,,,,,,,,,1
Lioloma elongatum,1,S03B,,Tripos macroceros,1,,,,,,,,,,,,,,,,,,,,,,,,,,,1,,,,,,,2
Lioloma pacificum,1,S03B,,Tripos masiliensis,,,,,,,,,,,,,,,,1,,,,,,,,,,,,,,,,,,,1
Lithodesmium undulatum,1,S03B,,Tripos masilienssis,,,3,,,,,,,,,,,,,,,,,,,,,,,,,,,,,,,,3
Navicula sp,6,S03B,,tripos massiliensis,1,2,,,,,,,,1,,,,,,,,,1,,,,,,,,,,,,,,,,5
Neocalyptrella robusta,1,S03B,,Tripos missiliensis,,,,,,,,,,,,,,,,,,,,,,,,,,1,,,,,,,,,1
Odontella aurita,3,S03B,,Tripos muelleri,,14,,,,,,,1,,1,,6,,1,1,,,1,,1,,,,,2,1,2,3,1,,,1,,36
Proboscia sp,5,S03B,,Tripos muellerii,,,3,,,,,,,,,,,,,,,,,,,,,,3,1,,,,,,,,,7
Protoperidinium sp 1,3,S03B,,Tripos pentagonum,,,,,,,,,,,,,,3,,,,,,,,,,,,,,,,,,,,,3
Pseudonitzschia sp,6,S03B,,Tripos sp,,,,,,,,,,,,,,,,,,,,,,,1,,3,,,,,,2,,,,6
Rhizosolenia imbricata,6,S03B,,Tripos trichoceros,,,,,,,,1,,,,,,,,,,,,,,,,,,,,,,,,,,,1
Rhizolenia imbricata var. Shrubsolei,2,S03B,,Total general,41,323,57,311,68,292,32,223,56,122,864,143,115,136,171,120,85,389,189,300,332,454,108,49,130,106,375,585,340,284,417,1107,874,1814,11012
Skeletonema costatum,320,S03B,,,,,,,,,,,,,,,,,,,,,,,,,,,,,,,,,,,,,
Stephanopyxis turris,4,S03B,,,,,,,,,,,,,,,,,,,,,,,,,,,,,,,,,,,,,
Thalassionema nitzschioides,11,S03B,,,,,,,,,,,,,,,,,,,,,,,,,,,,,,,,,,,,,
Thalassiosira sp,1,S03B,,,,,,,,,,,,,,,,,,,,,,,,,,,,,,,,,,,,,
Trieres chinensis,16,S03B,,,,,,,,,,,,,,,,,,,,,,,,,,,,,,,,,,,,,
Trieres mobiliensis,7,S03B,,,,,,,,,,,,,,,,,,,,,,,,,,,,,,,,,,,,,
Tripos macroceros,1,S03B,,,,,,,,,,,,,,,,,,,,,,,,,,,,,,,,,,,,,
Tripos muelleri,2,S03B,,,,,,,,,,,,,,,,,,,,,,,,,,,,,,,,,,,,,
Bacteriastrum delicatulum,7,G06A,,,,,,,,,,,,,,,,,,,,,,,,,,,,,,,,,,,,,
Bacteriastrum furcatum,1,G06A,,,,,,,,,,,,,,,,,,,,,,,,,,,,,,,,,,,,,
Cerataulina sp,4,G06A,,,,,,,,,,,,,,,,,,,,,,,,,,,,,,,,,,,,,
Cerataulina pelagica,2,G06A,,,,,,,,,,,,,,,,,,,,,,,,,,,,,,,,,,,,,
Chaetoceros affinis,18,G06A,,,,,,,,,,,,,,,,,,,,,,,,,,,,,,,,,,,,,
Chaetoceros lorenzianus,4,G06A,,,,,,,,,,,,,,,,,,,,,,,,,,,,,,,,,,,,,
Coscinodiscopsis jonesiana,10,G06A,,,,,,,,,,,,,,,,,,,,,,,,,,,,,,,,,,,,,
Coscinodiscus gigas,11,G06A,,,,,,,,,,,,,,,,,,,,,,,,,,,,,,,,,,,,,
Coscinodiscus granii,32,G06A,,,,,,,,,,,,,,,,,,,,,,,,,,,,,,,,,,,,,
Coscinodiscus radiatus,3,G06A,,,,,,,,,,,,,,,,,,,,,,,,,,,,,,,,,,,,,
Coscinodiscus sp 2,7,G06A,,,,,,,,,,,,,,,,,,,,,,,,,,,,,,,,,,,,,
Coscinodiscus wailesii,7,G06A,,,,,,,,,,,,,,,,,,,,,,,,,,,,,,,,,,,,,
Ditylum brightwellii,4,G06A,,,,,,,,,,,,,,,,,,,,,,,,,,,,,,,,,,,,,
Guinardia flaccida,3,G06A,,,,,,,,,,,,,,,,,,,,,,,,,,,,,,,,,,,,,
Guinardia delicatula,5,G06A,,,,,,,,,,,,,,,,,,,,,,,,,,,,,,,,,,,,,
Gyrosigma sp,7,G06A,,,,,,,,,,,,,,,,,,,,,,,,,,,,,,,,,,,,,
Hobaniella longicruris,2,G06A,,,,,,,,,,,,,,,,,,,,,,,,,,,,,,,,,,,,,
Lithodesmium undulatum,4,G06A,,,,,,,,,,,,,,,,,,,,,,,,,,,,,,,,,,,,,
Nepcalliptrella robusta,1,G06A,,,,,,,,,,,,,,,,,,,,,,,,,,,,,,,,,,,,,
Odontella aurita,7,G06A,,,,,,,,,,,,,,,,,,,,,,,,,,,,,,,,,,,,,
Rhizosolenia imbricata,4,G06A,,,,,,,,,,,,,,,,,,,,,,,,,,,,,,,,,,,,,
Skeletonema costatum,132,G06A,,,,,,,,,,,,,,,,,,,,,,,,,,,,,,,,,,,,,
Skeletonema tropicum,2,G06A,,,,,,,,,,,,,,,,,,,,,,,,,,,,,,,,,,,,,
Thalassionema nitzschioides,13,G06A,,,,,,,,,,,,,,,,,,,,,,,,,,,,,,,,,,,,,
Trieres chinensis,22,G06A,,,,,,,,,,,,,,,,,,,,,,,,,,,,,,,,,,,,,
Trieres mobiliensis,18,G06A,,,,,,,,,,,,,,,,,,,,,,,,,,,,,,,,,,,,,
Tripos fusus,1,G06A,,,,,,,,,,,,,,,,,,,,,,,,,,,,,,,,,,,,,
Tripos muelleri,1,G06A,,,,,,,,,,,,,,,,,,,,,,,,,,,,,,,,,,,,,
Bacteriastrum delicatulum,7,G05A,,,,,,,,,,,,,,,,,,,,,,,,,,,,,,,,,,,,,
Bacteriastrum hyalinum,7,G05A,,,,,,,,,,,,,,,,,,,,,,,,,,,,,,,,,,,,,
Central desconocida,1,G05A,,,,,,,,,,,,,,,,,,,,,,,,,,,,,,,,,,,,,
Cerataulina dentata,1,G05A,,,,,,,,,,,,,,,,,,,,,,,,,,,,,,,,,,,,,
Cerataulina pelagica,1,G05A,,,,,,,,,,,,,,,,,,,,,,,,,,,,,,,,,,,,,
Ceratocorys horrida,2,G05A,,,,,,,,,,,,,,,,,,,,,,,,,,,,,,,,,,,,,
Chaetoceros affinis,8,G05A,,,,,,,,,,,,,,,,,,,,,,,,,,,,,,,,,,,,,
Chaetoceros danicus,3,G05A,,,,,,,,,,,,,,,,,,,,,,,,,,,,,,,,,,,,,
Chaetoceros diversus,4,G05A,,,,,,,,,,,,,,,,,,,,,,,,,,,,,,,,,,,,,
Coscinodiscopsis jonesiana,1,G05A,,,,,,,,,,,,,,,,,,,,,,,,,,,,,,,,,,,,,
Coscinodiscus gigas,11,G05A,,,,,,,,,,,,,,,,,,,,,,,,,,,,,,,,,,,,,
Coscinodiscus granii,12,G05A,,,,,,,,,,,,,,,,,,,,,,,,,,,,,,,,,,,,,
Coscinodiscus perforatus,6,G05A,,,,,,,,,,,,,,,,,,,,,,,,,,,,,,,,,,,,,
Coscinodiscus radiatus,1,G05A,,,,,,,,,,,,,,,,,,,,,,,,,,,,,,,,,,,,,
Coscinodiscus sp 1,4,G05A,,,,,,,,,,,,,,,,,,,,,,,,,,,,,,,,,,,,,
Coscinodiscus sp 2,11,G05A,,,,,,,,,,,,,,,,,,,,,,,,,,,,,,,,,,,,,
Dinoflagelados 1,1,G05A,,,,,,,,,,,,,,,,,,,,,,,,,,,,,,,,,,,,,
Ditylum,1,G05A,,,,,,,,,,,,,,,,,,,,,,,,,,,,,,,,,,,,,
Guinardia flaccida,1,G05A,,,,,,,,,,,,,,,,,,,,,,,,,,,,,,,,,,,,,
Gyrosigma sp,2,G05A,,,,,,,,,,,,,,,,,,,,,,,,,,,,,,,,,,,,,
Hemiaulus membranaceus,2,G05A,,,,,,,,,,,,,,,,,,,,,,,,,,,,,,,,,,,,,
Hobaniella longicruris,1,G05A,,,,,,,,,,,,,,,,,,,,,,,,,,,,,,,,,,,,,
Lioloma elongatum,4,G05A,,,,,,,,,,,,,,,,,,,,,,,,,,,,,,,,,,,,,
Lithodesmium undulatum,9,G05A,,,,,,,,,,,,,,,,,,,,,,,,,,,,,,,,,,,,,
Navicula sp,2,G05A,,,,,,,,,,,,,,,,,,,,,,,,,,,,,,,,,,,,,
Nitzschia sp,1,G05A,,,,,,,,,,,,,,,,,,,,,,,,,,,,,,,,,,,,,
Odontella aurita,10,G05A,,,,,,,,,,,,,,,,,,,,,,,,,,,,,,,,,,,,,
Phalacroma rapa,1,G05A,,,,,,,,,,,,,,,,,,,,,,,,,,,,,,,,,,,,,
Podolampas bipes,1,G05A,,,,,,,,,,,,,,,,,,,,,,,,,,,,,,,,,,,,,
Protoperidinium (pentagonal),6,G05A,,,,,,,,,,,,,,,,,,,,,,,,,,,,,,,,,,,,,
Rhizosolenia setigera,1,G05A,,,,,,,,,,,,,,,,,,,,,,,,,,,,,,,,,,,,,
Skeletonema costatum,36,G05A,,,,,,,,,,,,,,,,,,,,,,,,,,,,,,,,,,,,,
Thalassionema nitzschioides,9,G05A,,,,,,,,,,,,,,,,,,,,,,,,,,,,,,,,,,,,,
Trieres chinensis,2,G05A,,,,,,,,,,,,,,,,,,,,,,,,,,,,,,,,,,,,,
Trieres mobiliensis,15,G05A,,,,,,,,,,,,,,,,,,,,,,,,,,,,,,,,,,,,,
Tripos candelabrus,1,G05A,,,,,,,,,,,,,,,,,,,,,,,,,,,,,,,,,,,,,
Tripos fusus,1,G05A,,,,,,,,,,,,,,,,,,,,,,,,,,,,,,,,,,,,,
tripos massiliensis,1,G05A,,,,,,,,,,,,,,,,,,,,,,,,,,,,,,,,,,,,,
Tripos muelleri,1,G05A,,,,,,,,,,,,,,,,,,,,,,,,,,,,,,,,,,,,,
Bacteriastrum delicatulum,3,G04A,,,,,,,,,,,,,,,,,,,,,,,,,,,,,,,,,,,,,
Bacteriastrum furcatum,1,G04A,,,,,,,,,,,,,,,,,,,,,,,,,,,,,,,,,,,,,
Bacteriastrum hyalinum,4,G04A,,,,,,,,,,,,,,,,,,,,,,,,,,,,,,,,,,,,,
Chaetoceros laciniosus,2,G04A,,,,,,,,,,,,,,,,,,,,,,,,,,,,,,,,,,,,,
Chaetoceros affinis,2,G04A,,,,,,,,,,,,,,,,,,,,,,,,,,,,,,,,,,,,,
Chaetoceros brevis,8,G04A,,,,,,,,,,,,,,,,,,,,,,,,,,,,,,,,,,,,,
Chaetoceros danicus,3,G04A,,,,,,,,,,,,,,,,,,,,,,,,,,,,,,,,,,,,,
Chaetoceros diversus,5,G04A,,,,,,,,,,,,,,,,,,,,,,,,,,,,,,,,,,,,,
Chaetoceros lorenzianus,9,G04A,,,,,,,,,,,,,,,,,,,,,,,,,,,,,,,,,,,,,
Chaetoceros paradoxus,6,G04A,,,,,,,,,,,,,,,,,,,,,,,,,,,,,,,,,,,,,
Chaetoceros protuberans,4,G04A,,,,,,,,,,,,,,,,,,,,,,,,,,,,,,,,,,,,,
Coscinodiscus gigas,2,G04A,,,,,,,,,,,,,,,,,,,,,,,,,,,,,,,,,,,,,
Coscinodiscus granii,1,G04A,,,,,,,,,,,,,,,,,,,,,,,,,,,,,,,,,,,,,
Coscinodiscus sp 2,9,G04A,,,,,,,,,,,,,,,,,,,,,,,,,,,,,,,,,,,,,
Coscinodiscus wailesii,1,G04A,,,,,,,,,,,,,,,,,,,,,,,,,,,,,,,,,,,,,
Diatomea central peque¤a,1,G04A,,,,,,,,,,,,,,,,,,,,,,,,,,,,,,,,,,,,,
Ditylum brightwellii,1,G04A,,,,,,,,,,,,,,,,,,,,,,,,,,,,,,,,,,,,,
Guinardia flaccida,3,G04A,,,,,,,,,,,,,,,,,,,,,,,,,,,,,,,,,,,,,
Gyrosigma sp,3,G04A,,,,,,,,,,,,,,,,,,,,,,,,,,,,,,,,,,,,,
Hobaniella longicruris,1,G04A,,,,,,,,,,,,,,,,,,,,,,,,,,,,,,,,,,,,,
Lioloma elongatum,1,G04A,,,,,,,,,,,,,,,,,,,,,,,,,,,,,,,,,,,,,
Lioloma pacificum,3,G04A,,,,,,,,,,,,,,,,,,,,,,,,,,,,,,,,,,,,,
Odontella aurita,1,G04A,,,,,,,,,,,,,,,,,,,,,,,,,,,,,,,,,,,,,
Proboscia sp,1,G04A,,,,,,,,,,,,,,,,,,,,,,,,,,,,,,,,,,,,,
Pyrodinium bahamense,1,G04A,,,,,,,,,,,,,,,,,,,,,,,,,,,,,,,,,,,,,
Thalassionema nitzscioides,6,G04A,,,,,,,,,,,,,,,,,,,,,,,,,,,,,,,,,,,,,
Trieres chinenesis,2,G04A,,,,,,,,,,,,,,,,,,,,,,,,,,,,,,,,,,,,,
Tripos declinatum,1,G04A,,,,,,,,,,,,,,,,,,,,,,,,,,,,,,,,,,,,,
Chaetoceros affinis,25,G06B,,,,,,,,,,,,,,,,,,,,,,,,,,,,,,,,,,,,,
Chaetoceros debilis,18,G06B,,,,,,,,,,,,,,,,,,,,,,,,,,,,,,,,,,,,,
Chaetoceros diversus,14,G06B,,,,,,,,,,,,,,,,,,,,,,,,,,,,,,,,,,,,,
Chaetoceros paradoxus,3,G06B,,,,,,,,,,,,,,,,,,,,,,,,,,,,,,,,,,,,,
Chaetoceros sp 1,9,G06B,,,,,,,,,,,,,,,,,,,,,,,,,,,,,,,,,,,,,
Coscinodiscus granii,2,G06B,,,,,,,,,,,,,,,,,,,,,,,,,,,,,,,,,,,,,
Coscinodiscus sp 2,4,G06B,,,,,,,,,,,,,,,,,,,,,,,,,,,,,,,,,,,,,
Ditylum brightwellii,1,G06B,,,,,,,,,,,,,,,,,,,,,,,,,,,,,,,,,,,,,
Gyrosigma sp,1,G06B,,,,,,,,,,,,,,,,,,,,,,,,,,,,,,,,,,,,,
Odontella aurita,1,G06B,,,,,,,,,,,,,,,,,,,,,,,,,,,,,,,,,,,,,
Skeletonema costatum,370,G06B,,,,,,,,,,,,,,,,,,,,,,,,,,,,,,,,,,,,,
Trieres chinenesis,6,G06B,,,,,,,,,,,,,,,,,,,,,,,,,,,,,,,,,,,,,
Actinocyclus senarius,1,G05B,,,,,,,,,,,,,,,,,,,,,,,,,,,,,,,,,,,,,
Aulacodiscus archangelskianus,1,G05B,,,,,,,,,,,,,,,,,,,,,,,,,,,,,,,,,,,,,
Bacteriastrum furcatum,1,G05B,,,,,,,,,,,,,,,,,,,,,,,,,,,,,,,,,,,,,
Chaetoceros affinis,23,G05B,,,,,,,,,,,,,,,,,,,,,,,,,,,,,,,,,,,,,
Chaetoceros brevis,4,G05B,,,,,,,,,,,,,,,,,,,,,,,,,,,,,,,,,,,,,
Chaetoceros lorenzianus,3,G05B,,,,,,,,,,,,,,,,,,,,,,,,,,,,,,,,,,,,,
Chaetoceros paradoxus,3,G05B,,,,,,,,,,,,,,,,,,,,,,,,,,,,,,,,,,,,,
Chaetoceros sp 1,6,G05B,,,,,,,,,,,,,,,,,,,,,,,,,,,,,,,,,,,,,
Coscinodiscopsis jonesiana,17,G05B,,,,,,,,,,,,,,,,,,,,,,,,,,,,,,,,,,,,,
Coscinodiscus granii,7,G05B,,,,,,,,,,,,,,,,,,,,,,,,,,,,,,,,,,,,,
Coscinodiscus perforatus,10,G05B,,,,,,,,,,,,,,,,,,,,,,,,,,,,,,,,,,,,,
Coscinodiscus sp 1,8,G05B,,,,,,,,,,,,,,,,,,,,,,,,,,,,,,,,,,,,,
Coscinodiscus sp 2,12,G05B,,,,,,,,,,,,,,,,,,,,,,,,,,,,,,,,,,,,,
Coscinodiscus sp 3,2,G05B,,,,,,,,,,,,,,,,,,,,,,,,,,,,,,,,,,,,,
Coscinodisus gigas,4,G05B,,,,,,,,,,,,,,,,,,,,,,,,,,,,,,,,,,,,,
Ditylum brightwellii,4,G05B,,,,,,,,,,,,,,,,,,,,,,,,,,,,,,,,,,,,,
Eucampia zodiacus,1,G05B,,,,,,,,,,,,,,,,,,,,,,,,,,,,,,,,,,,,,
Guinardia flaccida,6,G05B,,,,,,,,,,,,,,,,,,,,,,,,,,,,,,,,,,,,,
Hobaniella longicruris,2,G05B,,,,,,,,,,,,,,,,,,,,,,,,,,,,,,,,,,,,,
Lioloma pacificum,1,G05B,,,,,,,,,,,,,,,,,,,,,,,,,,,,,,,,,,,,,
Odontella aurita,3,G05B,,,,,,,,,,,,,,,,,,,,,,,,,,,,,,,,,,,,,
Proboscia sp,2,G05B,,,,,,,,,,,,,,,,,,,,,,,,,,,,,,,,,,,,,
Skeletonema costatum,155,G05B,,,,,,,,,,,,,,,,,,,,,,,,,,,,,,,,,,,,,
Thalassionema nittzschioides,8,G05B,,,,,,,,,,,,,,,,,,,,,,,,,,,,,,,,,,,,,
Trieres chinenesis,10,G05B,,,,,,,,,,,,,,,,,,,,,,,,,,,,,,,,,,,,,
Trieres mobiliensis,6,G05B,,,,,,,,,,,,,,,,,,,,,,,,,,,,,,,,,,,,,
Aulacodiscus archangelskianus,1,G04B,,,,,,,,,,,,,,,,,,,,,,,,,,,,,,,,,,,,,
Bacteriastrum hyalinum,1,G04B,,,,,,,,,,,,,,,,,,,,,,,,,,,,,,,,,,,,,
Cerataulina bicornis,1,G04B,,,,,,,,,,,,,,,,,,,,,,,,,,,,,,,,,,,,,
Chaetoceros brevis,5,G04B,,,,,,,,,,,,,,,,,,,,,,,,,,,,,,,,,,,,,
Chaetoceros curvisetus,4,G04B,,,,,,,,,,,,,,,,,,,,,,,,,,,,,,,,,,,,,
Chaetoceros danicus,1,G04B,,,,,,,,,,,,,,,,,,,,,,,,,,,,,,,,,,,,,
Chaetoceros debilis,3,G04B,,,,,,,,,,,,,,,,,,,,,,,,,,,,,,,,,,,,,
Chaetoceros diversus,11,G04B,,,,,,,,,,,,,,,,,,,,,,,,,,,,,,,,,,,,,
Chaetoceros peruvianus,1,G04B,,,,,,,,,,,,,,,,,,,,,,,,,,,,,,,,,,,,,
Chaetoceros sp 1,10,G04B,,,,,,,,,,,,,,,,,,,,,,,,,,,,,,,,,,,,,
Coscinodiscopsis jonesiana,6,G04B,,,,,,,,,,,,,,,,,,,,,,,,,,,,,,,,,,,,,
Coscinodiscus asteromphalus,1,G04B,,,,,,,,,,,,,,,,,,,,,,,,,,,,,,,,,,,,,
Coscinodiscus gigas,1,G04B,,,,,,,,,,,,,,,,,,,,,,,,,,,,,,,,,,,,,
Coscinodiscus granii,3,G04B,,,,,,,,,,,,,,,,,,,,,,,,,,,,,,,,,,,,,
Coscinodiscus marginatus,1,G04B,,,,,,,,,,,,,,,,,,,,,,,,,,,,,,,,,,,,,
Coscinodiscus perforatus,2,G04B,,,,,,,,,,,,,,,,,,,,,,,,,,,,,,,,,,,,,
Coscinodiscus radiatus,1,G04B,,,,,,,,,,,,,,,,,,,,,,,,,,,,,,,,,,,,,
Coscinodiscus sp 2,1,G04B,,,,,,,,,,,,,,,,,,,,,,,,,,,,,,,,,,,,,
Coscinodiscus sp 3,7,G04B,,,,,,,,,,,,,,,,,,,,,,,,,,,,,,,,,,,,,
Diploneis gruendleri,1,G04B,,,,,,,,,,,,,,,,,,,,,,,,,,,,,,,,,,,,,
Ditylum brightwellii,1,G04B,,,,,,,,,,,,,,,,,,,,,,,,,,,,,,,,,,,,,
Guinardia flaccida,8,G04B,,,,,,,,,,,,,,,,,,,,,,,,,,,,,,,,,,,,,
Hobaniella longicruris,11,G04B,,,,,,,,,,,,,,,,,,,,,,,,,,,,,,,,,,,,,
Lioloma elongatum,1,G04B,,,,,,,,,,,,,,,,,,,,,,,,,,,,,,,,,,,,,
Lithodesmium undulatum,2,G04B,,,,,,,,,,,,,,,,,,,,,,,,,,,,,,,,,,,,,
Meuniera membranacea,2,G04B,,,,,,,,,,,,,,,,,,,,,,,,,,,,,,,,,,,,,
Navicula sp,1,G04B,,,,,,,,,,,,,,,,,,,,,,,,,,,,,,,,,,,,,
Odontella aurita,10,G04B,,,,,,,,,,,,,,,,,,,,,,,,,,,,,,,,,,,,,
Proboscia sp,2,G04B,,,,,,,,,,,,,,,,,,,,,,,,,,,,,,,,,,,,,
Prorocentrum mexicanum,1,G04B,,,,,,,,,,,,,,,,,,,,,,,,,,,,,,,,,,,,,
Protoperidinium (pentagonal -falda),1,G04B,,,,,,,,,,,,,,,,,,,,,,,,,,,,,,,,,,,,,
Rhizosolenia imbricata,3,G04B,,,,,,,,,,,,,,,,,,,,,,,,,,,,,,,,,,,,,
Skeletonema costatum,242,G04B,,,,,,,,,,,,,,,,,,,,,,,,,,,,,,,,,,,,,
Skeletonema tropicum,12,G04B,,,,,,,,,,,,,,,,,,,,,,,,,,,,,,,,,,,,,
Synedra sp,1,G04B,,,,,,,,,,,,,,,,,,,,,,,,,,,,,,,,,,,,,
Thassionema nitzschioides,4,G04B,,,,,,,,,,,,,,,,,,,,,,,,,,,,,,,,,,,,,
Trieres chinenesis,11,G04B,,,,,,,,,,,,,,,,,,,,,,,,,,,,,,,,,,,,,
Trieres mobiliensis,14,G04B,,,,,,,,,,,,,,,,,,,,,,,,,,,,,,,,,,,,,
Chaetoceros affinis,2,G03B,,,,,,,,,,,,,,,,,,,,,,,,,,,,,,,,,,,,,
Chaetoceros diversus,3,G03B,,,,,,,,,,,,,,,,,,,,,,,,,,,,,,,,,,,,,
Chaetoceros peruvianus,1,G03B,,,,,,,,,,,,,,,,,,,,,,,,,,,,,,,,,,,,,
Coscinodiscus perforatus,1,G03B,,,,,,,,,,,,,,,,,,,,,,,,,,,,,,,,,,,,,
Guinardia flaccida,1,G03B,,,,,,,,,,,,,,,,,,,,,,,,,,,,,,,,,,,,,
Lithodesmium undulatum,1,G03B,,,,,,,,,,,,,,,,,,,,,,,,,,,,,,,,,,,,,
Pseudosolenia sp,1,G03B,,,,,,,,,,,,,,,,,,,,,,,,,,,,,,,,,,,,,
Skeletonema costatum,8,G03B,,,,,,,,,,,,,,,,,,,,,,,,,,,,,,,,,,,,,
Thalassiosira sp,1,G03B,,,,,,,,,,,,,,,,,,,,,,,,,,,,,,,,,,,,,
Trieres chinenesis,1,G03B,,,,,,,,,,,,,,,,,,,,,,,,,,,,,,,,,,,,,
Tripos masiliensis,1,G03B,,,,,,,,,,,,,,,,,,,,,,,,,,,,,,,,,,,,,
Tripos muelleri,1,G03B,,,,,,,,,,,,,,,,,,,,,,,,,,,,,,,,,,,,,
Asteromphalus sp,1,G02A,,,,,,,,,,,,,,,,,,,,,,,,,,,,,,,,,,,,,
Bacteriastrum furcatum,1,G02A,,,,,,,,,,,,,,,,,,,,,,,,,,,,,,,,,,,,,
Bacteriastrum hyalinum,6,G02A,,,,,,,,,,,,,,,,,,,,,,,,,,,,,,,,,,,,,
Cerataulina pelagica,5,G02A,,,,,,,,,,,,,,,,,,,,,,,,,,,,,,,,,,,,,
Ceratocorys horrida,1,G02A,,,,,,,,,,,,,,,,,,,,,,,,,,,,,,,,,,,,,
Chaetoceros affinis,12,G02A,,,,,,,,,,,,,,,,,,,,,,,,,,,,,,,,,,,,,
Chaetoceros sp 1,4,G02A,,,,,,,,,,,,,,,,,,,,,,,,,,,,,,,,,,,,,
Chaetoceros danicus,7,G02A,,,,,,,,,,,,,,,,,,,,,,,,,,,,,,,,,,,,,
Climacodiun frauenefeldianum,4,G02A,,,,,,,,,,,,,,,,,,,,,,,,,,,,,,,,,,,,,
Coscinodiscus granii,1,G02A,,,,,,,,,,,,,,,,,,,,,,,,,,,,,,,,,,,,,
Dinophysis caudata,2,G02A,,,,,,,,,,,,,,,,,,,,,,,,,,,,,,,,,,,,,
Ditylum brightwellii,2,G02A,,,,,,,,,,,,,,,,,,,,,,,,,,,,,,,,,,,,,
Gonyaulax sp,1,G02A,,,,,,,,,,,,,,,,,,,,,,,,,,,,,,,,,,,,,
Lioloma pacificum,3,G02A,,,,,,,,,,,,,,,,,,,,,,,,,,,,,,,,,,,,,
Odontella aurita,1,G02A,,,,,,,,,,,,,,,,,,,,,,,,,,,,,,,,,,,,,
Proboscia sp,5,G02A,,,,,,,,,,,,,,,,,,,,,,,,,,,,,,,,,,,,,
Pyrophacus sp,1,G02A,,,,,,,,,,,,,,,,,,,,,,,,,,,,,,,,,,,,,
Rhizosolenia imbricata,2,G02A,,,,,,,,,,,,,,,,,,,,,,,,,,,,,,,,,,,,,
Skeletonema costatum,65,G02A,,,,,,,,,,,,,,,,,,,,,,,,,,,,,,,,,,,,,
Trieres chinenesi,2,G02A,,,,,,,,,,,,,,,,,,,,,,,,,,,,,,,,,,,,,
Tripos cf brevis,2,G02A,,,,,,,,,,,,,,,,,,,,,,,,,,,,,,,,,,,,,
Tripos cf muelleri,1,G02A,,,,,,,,,,,,,,,,,,,,,,,,,,,,,,,,,,,,,
Tripos cf vultur,1,G02A,,,,,,,,,,,,,,,,,,,,,,,,,,,,,,,,,,,,,
Tripos extensus,2,G02A,,,,,,,,,,,,,,,,,,,,,,,,,,,,,,,,,,,,,
Tripos fusus,1,G02A,,,,,,,,,,,,,,,,,,,,,,,,,,,,,,,,,,,,,
Tripos pentagonum,3,G02A,,,,,,,,,,,,,,,,,,,,,,,,,,,,,,,,,,,,,
Bacteriastrum hyalinum,4,G01A,,,,,,,,,,,,,,,,,,,,,,,,,,,,,,,,,,,,,
Cerataulina sp,1,G01A,,,,,,,,,,,,,,,,,,,,,,,,,,,,,,,,,,,,,
Cerataulina pelagica,1,G01A,,,,,,,,,,,,,,,,,,,,,,,,,,,,,,,,,,,,,
Chaetoceros affinis,23,G01A,,,,,,,,,,,,,,,,,,,,,,,,,,,,,,,,,,,,,
Chaetoceros danicus,9,G01A,,,,,,,,,,,,,,,,,,,,,,,,,,,,,,,,,,,,,
Chaetoceros lorenzianus,20,G01A,,,,,,,,,,,,,,,,,,,,,,,,,,,,,,,,,,,,,
Chaetoceros diversus,26,G01A,,,,,,,,,,,,,,,,,,,,,,,,,,,,,,,,,,,,,
Coscinodiscus gigas,3,G01A,,,,,,,,,,,,,,,,,,,,,,,,,,,,,,,,,,,,,
Ditylum brightwellii,1,G01A,,,,,,,,,,,,,,,,,,,,,,,,,,,,,,,,,,,,,
Guinardia flaccida,1,G01A,,,,,,,,,,,,,,,,,,,,,,,,,,,,,,,,,,,,,
Hemiaulus membranaceus,2,G01A,,,,,,,,,,,,,,,,,,,,,,,,,,,,,,,,,,,,,
Lioloma pacificum,1,G01A,,,,,,,,,,,,,,,,,,,,,,,,,,,,,,,,,,,,,
Ornitocercus thumii,3,G01A,,,,,,,,,,,,,,,,,,,,,,,,,,,,,,,,,,,,,
Protoperidinium pyrum,1,G01A,,,,,,,,,,,,,,,,,,,,,,,,,,,,,,,,,,,,,
Protoperidinium sp 1,2,G01A,,,,,,,,,,,,,,,,,,,,,,,,,,,,,,,,,,,,,
Pseudonitzschia sp,4,G01A,,,,,,,,,,,,,,,,,,,,,,,,,,,,,,,,,,,,,
Pyrophacus sp,1,G01A,,,,,,,,,,,,,,,,,,,,,,,,,,,,,,,,,,,,,
Rhizosolenia imbricata,4,G01A,,,,,,,,,,,,,,,,,,,,,,,,,,,,,,,,,,,,,
Skeletonema costatum,32,G01A,,,,,,,,,,,,,,,,,,,,,,,,,,,,,,,,,,,,,
Thassionema fraunfeldii,2,G01A,,,,,,,,,,,,,,,,,,,,,,,,,,,,,,,,,,,,,
Trieres chinenesis,2,G01A,,,,,,,,,,,,,,,,,,,,,,,,,,,,,,,,,,,,,
Bacteriastrum hyalinum,1,G03B,,,,,,,,,,,,,,,,,,,,,,,,,,,,,,,,,,,,,
Chaetoceros lorenzianus,16,G03B,,,,,,,,,,,,,,,,,,,,,,,,,,,,,,,,,,,,,
Chaetoceros curvisetus,4,G03B,,,,,,,,,,,,,,,,,,,,,,,,,,,,,,,,,,,,,
Chaetoceros diversus,5,G03B,,,,,,,,,,,,,,,,,,,,,,,,,,,,,,,,,,,,,
Coscinodiscopsis jonesiana,2,G03B,,,,,,,,,,,,,,,,,,,,,,,,,,,,,,,,,,,,,
Coscinodiscus asteromphalus,1,G03B,,,,,,,,,,,,,,,,,,,,,,,,,,,,,,,,,,,,,
Coscinodiscus gigas,12,G03B,,,,,,,,,,,,,,,,,,,,,,,,,,,,,,,,,,,,,
Coscinodiscus granii,11,G03B,,,,,,,,,,,,,,,,,,,,,,,,,,,,,,,,,,,,,
Coscinodiscus wailesii,3,G03B,,,,,,,,,,,,,,,,,,,,,,,,,,,,,,,,,,,,,
Ditylum brightwellii,1,G03B,,,,,,,,,,,,,,,,,,,,,,,,,,,,,,,,,,,,,
Guinardia flaccida,2,G03B,,,,,,,,,,,,,,,,,,,,,,,,,,,,,,,,,,,,,
Lioloma pacificum,1,G03B,,,,,,,,,,,,,,,,,,,,,,,,,,,,,,,,,,,,,
Odontella aurita,1,G03B,,,,,,,,,,,,,,,,,,,,,,,,,,,,,,,,,,,,,
Odontella aurita,3,G03B,,,,,,,,,,,,,,,,,,,,,,,,,,,,,,,,,,,,,
Rhizosolenia imbricata,1,G03B,,,,,,,,,,,,,,,,,,,,,,,,,,,,,,,,,,,,,
Skeletonema costatum,20,G03B,,,,,,,,,,,,,,,,,,,,,,,,,,,,,,,,,,,,,
Thalassionema fraiuenfeldii,5,G03B,,,,,,,,,,,,,,,,,,,,,,,,,,,,,,,,,,,,,
Trieres chinensis,4,G03B,,,,,,,,,,,,,,,,,,,,,,,,,,,,,,,,,,,,,
Trieres mobiliensis,2,G03B,,,,,,,,,,,,,,,,,,,,,,,,,,,,,,,,,,,,,
Tripos cf karsteni,1,G03B,,,,,,,,,,,,,,,,,,,,,,,,,,,,,,,,,,,,,
Tripos eugramus,2,G03B,,,,,,,,,,,,,,,,,,,,,,,,,,,,,,,,,,,,,
Bacteriastrum hyalinum,3,G02B,,,,,,,,,,,,,,,,,,,,,,,,,,,,,,,,,,,,,
Cerataulina pelagica,2,G02B,,,,,,,,,,,,,,,,,,,,,,,,,,,,,,,,,,,,,
Chaetoceros affinis,2,G02B,,,,,,,,,,,,,,,,,,,,,,,,,,,,,,,,,,,,,
Chaetoceros danicus,3,G02B,,,,,,,,,,,,,,,,,,,,,,,,,,,,,,,,,,,,,
Chaetoceros diversus,6,G02B,,,,,,,,,,,,,,,,,,,,,,,,,,,,,,,,,,,,,
Chaetoceros lorenzianus,2,G02B,,,,,,,,,,,,,,,,,,,,,,,,,,,,,,,,,,,,,
Chaetoceros sp 1,6,G02B,,,,,,,,,,,,,,,,,,,,,,,,,,,,,,,,,,,,,
Coscinodiscopsis jonesiana,1,G02B,,,,,,,,,,,,,,,,,,,,,,,,,,,,,,,,,,,,,
Coscinodiscus gigas,1,G02B,,,,,,,,,,,,,,,,,,,,,,,,,,,,,,,,,,,,,
Coscinodiscus granii,5,G02B,,,,,,,,,,,,,,,,,,,,,,,,,,,,,,,,,,,,,
Coscinodiscus perforatus,1,G02B,,,,,,,,,,,,,,,,,,,,,,,,,,,,,,,,,,,,,
Coscinodiscus sp 2,4,G02B,,,,,,,,,,,,,,,,,,,,,,,,,,,,,,,,,,,,,
Dinophysis caudata,8,G02B,,,,,,,,,,,,,,,,,,,,,,,,,,,,,,,,,,,,,
Ditylum brightwellii,1,G02B,,,,,,,,,,,,,,,,,,,,,,,,,,,,,,,,,,,,,
Gyrosigma sp,2,G02B,,,,,,,,,,,,,,,,,,,,,,,,,,,,,,,,,,,,,
Lioloma pacificum,1,G02B,,,,,,,,,,,,,,,,,,,,,,,,,,,,,,,,,,,,,
Lithodesmium undulatum,15,G02B,,,,,,,,,,,,,,,,,,,,,,,,,,,,,,,,,,,,,
Odontella aurita,2,G02B,,,,,,,,,,,,,,,,,,,,,,,,,,,,,,,,,,,,,
Proboscia sp,1,G02B,,,,,,,,,,,,,,,,,,,,,,,,,,,,,,,,,,,,,
Protoperidinium (circular),1,G02B,,,,,,,,,,,,,,,,,,,,,,,,,,,,,,,,,,,,,
Protoperidinium sp 1,1,G02B,,,,,,,,,,,,,,,,,,,,,,,,,,,,,,,,,,,,,
Protoperidinium sp 1,1,G02B,,,,,,,,,,,,,,,,,,,,,,,,,,,,,,,,,,,,,
Pseudosolenia calcar-avis,2,G02B,,,,,,,,,,,,,,,,,,,,,,,,,,,,,,,,,,,,,
Skeletonema costatum,43,G02B,,,,,,,,,,,,,,,,,,,,,,,,,,,,,,,,,,,,,
Skeletonema tropicum,6,G02B,,,,,,,,,,,,,,,,,,,,,,,,,,,,,,,,,,,,,
Skeletonema tropicum,6,G02B,,,,,,,,,,,,,,,,,,,,,,,,,,,,,,,,,,,,,
Thalassionema fraunfeldi,3,G02B,,,,,,,,,,,,,,,,,,,,,,,,,,,,,,,,,,,,,
Thalassionema nitzschioides,15,G02B,,,,,,,,,,,,,,,,,,,,,,,,,,,,,,,,,,,,,
Trieres chinensis,5,G02B,,,,,,,,,,,,,,,,,,,,,,,,,,,,,,,,,,,,,
Trieres mobiliensis,12,G02B,,,,,,,,,,,,,,,,,,,,,,,,,,,,,,,,,,,,,
Tripos cf muelleri,2,G02B,,,,,,,,,,,,,,,,,,,,,,,,,,,,,,,,,,,,,
Tripos eugrammus,3,G02B,,,,,,,,,,,,,,,,,,,,,,,,,,,,,,,,,,,,,
Tripos extensum,4,G02B,,,,,,,,,,,,,,,,,,,,,,,,,,,,,,,,,,,,,
Tripos muelleri,1,G02B,,,,,,,,,,,,,,,,,,,,,,,,,,,,,,,,,,,,,
Cerataulina bicornis,2,G01B,,,,,,,,,,,,,,,,,,,,,,,,,,,,,,,,,,,,,
Ceratocorys horrida,1,G01B,,,,,,,,,,,,,,,,,,,,,,,,,,,,,,,,,,,,,
Chaetoceros affinis,2,G01B,,,,,,,,,,,,,,,,,,,,,,,,,,,,,,,,,,,,,
Chaetoceros curvisetus,7,G01B,,,,,,,,,,,,,,,,,,,,,,,,,,,,,,,,,,,,,
Chaetoceros diversus,9,G01B,,,,,,,,,,,,,,,,,,,,,,,,,,,,,,,,,,,,,
Coscinodiscus gigas,7,G01B,,,,,,,,,,,,,,,,,,,,,,,,,,,,,,,,,,,,,
Coscinodiscus granii,2,G01B,,,,,,,,,,,,,,,,,,,,,,,,,,,,,,,,,,,,,
Coscinodiscus sp 2,2,G01B,,,,,,,,,,,,,,,,,,,,,,,,,,,,,,,,,,,,,
Coscinodiscopsis jonesiana,1,G01B,,,,,,,,,,,,,,,,,,,,,,,,,,,,,,,,,,,,,
Dinophysis caudata,2,G01B,,,,,,,,,,,,,,,,,,,,,,,,,,,,,,,,,,,,,
Ditylum brightwellii,5,G01B,,,,,,,,,,,,,,,,,,,,,,,,,,,,,,,,,,,,,
Gonyaulax sp,1,G01B,,,,,,,,,,,,,,,,,,,,,,,,,,,,,,,,,,,,,
Guinardia striata,2,G01B,,,,,,,,,,,,,,,,,,,,,,,,,,,,,,,,,,,,,
Lithodesmium undulatum,1,G01B,,,,,,,,,,,,,,,,,,,,,,,,,,,,,,,,,,,,,
Prorocentrum cf cordatum,1,G01B,,,,,,,,,,,,,,,,,,,,,,,,,,,,,,,,,,,,,
Protoperidinium (pentagonal),4,G01B,,,,,,,,,,,,,,,,,,,,,,,,,,,,,,,,,,,,,
Pseudonitzschia sp,1,G01B,,,,,,,,,,,,,,,,,,,,,,,,,,,,,,,,,,,,,
Pyrodinium sp,1,G01B,,,,,,,,,,,,,,,,,,,,,,,,,,,,,,,,,,,,,
Skeletonema costatum,43,G01B,,,,,,,,,,,,,,,,,,,,,,,,,,,,,,,,,,,,,
Thalassionema frauenfeldii,4,G01B,,,,,,,,,,,,,,,,,,,,,,,,,,,,,,,,,,,,,
Thalassionema sp,2,G01B,,,,,,,,,,,,,,,,,,,,,,,,,,,,,,,,,,,,,
Trieres chinensis,7,G01B,,,,,,,,,,,,,,,,,,,,,,,,,,,,,,,,,,,,,
Tripos aff brevis,2,G01B,,,,,,,,,,,,,,,,,,,,,,,,,,,,,,,,,,,,,
Tripos muelleri,6,G01B,,,,,,,,,,,,,,,,,,,,,,,,,,,,,,,,,,,,,
Actinocyclus senarius,5,A06A,,,,,,,,,,,,,,,,,,,,,,,,,,,,,,,,,,,,,
Bacteriastrum delicatulum,2,A06A,,,,,,,,,,,,,,,,,,,,,,,,,,,,,,,,,,,,,
Chaetoceros affinis,19,A06A,,,,,,,,,,,,,,,,,,,,,,,,,,,,,,,,,,,,,
Chaetoceros danicus,6,A06A,,,,,,,,,,,,,,,,,,,,,,,,,,,,,,,,,,,,,
Coscinodiscopsis jonesiana,57,A06A,,,,,,,,,,,,,,,,,,,,,,,,,,,,,,,,,,,,,
Coscinodiscus asteromphalus,3,A06A,,,,,,,,,,,,,,,,,,,,,,,,,,,,,,,,,,,,,
Coscinodiscus granii,14,A06A,,,,,,,,,,,,,,,,,,,,,,,,,,,,,,,,,,,,,
Coscinodiscus perforatus,5,A06A,,,,,,,,,,,,,,,,,,,,,,,,,,,,,,,,,,,,,
Coscinodiscus wailesii,7,A06A,,,,,,,,,,,,,,,,,,,,,,,,,,,,,,,,,,,,,
Ditylum brightwellii,3,A06A,,,,,,,,,,,,,,,,,,,,,,,,,,,,,,,,,,,,,
Guinardia flaccida,3,A06A,,,,,,,,,,,,,,,,,,,,,,,,,,,,,,,,,,,,,
Gyrodinium spirale,1,A06A,,,,,,,,,,,,,,,,,,,,,,,,,,,,,,,,,,,,,
Gyrosigma sp,4,A06A,,,,,,,,,,,,,,,,,,,,,,,,,,,,,,,,,,,,,
Hobaniella longicruris,1,A06A,,,,,,,,,,,,,,,,,,,,,,,,,,,,,,,,,,,,,
Lithodesmium undulatum,24,A06A,,,,,,,,,,,,,,,,,,,,,,,,,,,,,,,,,,,,,
Odontella aurita,1,A06A,,,,,,,,,,,,,,,,,,,,,,,,,,,,,,,,,,,,,
Phaeodactylum,6,A06A,,,,,,,,,,,,,,,,,,,,,,,,,,,,,,,,,,,,,
Phalacorma sp,1,A06A,,,,,,,,,,,,,,,,,,,,,,,,,,,,,,,,,,,,,
Planktoniella muriformis,248,A06A,,,,,,,,,,,,,,,,,,,,,,,,,,,,,,,,,,,,,
Protoperidinium (circular),3,A06A,,,,,,,,,,,,,,,,,,,,,,,,,,,,,,,,,,,,,
Skeletonema costatum,232,A06A,,,,,,,,,,,,,,,,,,,,,,,,,,,,,,,,,,,,,
Stretoteca sp,7,A06A,,,,,,,,,,,,,,,,,,,,,,,,,,,,,,,,,,,,,
Thalassionema franfeldii,35,A06A,,,,,,,,,,,,,,,,,,,,,,,,,,,,,,,,,,,,,
Thalassionema nizschioides,8,A06A,,,,,,,,,,,,,,,,,,,,,,,,,,,,,,,,,,,,,
Thalassionema sp,1,A06A,,,,,,,,,,,,,,,,,,,,,,,,,,,,,,,,,,,,,
Thalassiosira sp,2,A06A,,,,,,,,,,,,,,,,,,,,,,,,,,,,,,,,,,,,,
Trieres chinenesis,32,A06A,,,,,,,,,,,,,,,,,,,,,,,,,,,,,,,,,,,,,
Trieres mobiliensis,13,A06A,,,,,,,,,,,,,,,,,,,,,,,,,,,,,,,,,,,,,
Tripos muelleri,1,A06A,,,,,,,,,,,,,,,,,,,,,,,,,,,,,,,,,,,,,
Chaetoceros diversus,2,A05A,,,,,,,,,,,,,,,,,,,,,,,,,,,,,,,,,,,,,
Coscinodiscopsis jonesiana,4,A05A,,,,,,,,,,,,,,,,,,,,,,,,,,,,,,,,,,,,,
Coscinodiscus gigas,4,A05A,,,,,,,,,,,,,,,,,,,,,,,,,,,,,,,,,,,,,
Coscinodiscus perforatus,1,A05A,,,,,,,,,,,,,,,,,,,,,,,,,,,,,,,,,,,,,
Coscinodiscus sp 2,2,A05A,,,,,,,,,,,,,,,,,,,,,,,,,,,,,,,,,,,,,
Coscinodiscus wailesii,1,A05A,,,,,,,,,,,,,,,,,,,,,,,,,,,,,,,,,,,,,
Guinardia flaccida,1,A05A,,,,,,,,,,,,,,,,,,,,,,,,,,,,,,,,,,,,,
Hobaniella longicruris,2,A05A,,,,,,,,,,,,,,,,,,,,,,,,,,,,,,,,,,,,,
Odontella aurita,4,A05A,,,,,,,,,,,,,,,,,,,,,,,,,,,,,,,,,,,,,
Skeletonema costatum,26,A05A,,,,,,,,,,,,,,,,,,,,,,,,,,,,,,,,,,,,,
Stellarima sp,1,A05A,,,,,,,,,,,,,,,,,,,,,,,,,,,,,,,,,,,,,
Thalassionema nizschioides,2,A05A,,,,,,,,,,,,,,,,,,,,,,,,,,,,,,,,,,,,,
Trieres chinensis,2,A05A,,,,,,,,,,,,,,,,,,,,,,,,,,,,,,,,,,,,,
Trieres mobiliensis,3,A05A,,,,,,,,,,,,,,,,,,,,,,,,,,,,,,,,,,,,,
Tripos muelleri,1,A05A,,,,,,,,,,,,,,,,,,,,,,,,,,,,,,,,,,,,,
Coscinodiscus gigas,7,A04A,,,,,,,,,,,,,,,,,,,,,,,,,,,,,,,,,,,,,
Coscinodiscus granii,6,A04A,,,,,,,,,,,,,,,,,,,,,,,,,,,,,,,,,,,,,
Lithodesmium undulatum,1,A04A,,,,,,,,,,,,,,,,,,,,,,,,,,,,,,,,,,,,,
Protoperidinium sp3,2,A04A,,,,,,,,,,,,,,,,,,,,,,,,,,,,,,,,,,,,,
Skeletonema costatum,10,A04A,,,,,,,,,,,,,,,,,,,,,,,,,,,,,,,,,,,,,
Thalassionema nitzschioides,2,A04A,,,,,,,,,,,,,,,,,,,,,,,,,,,,,,,,,,,,,
Thalassionema sp,3,A04A,,,,,,,,,,,,,,,,,,,,,,,,,,,,,,,,,,,,,
Trieres chinenesis,1,A04A,,,,,,,,,,,,,,,,,,,,,,,,,,,,,,,,,,,,,
Coscinodiscopsis jonesiana,3,A03A,,,,,,,,,,,,,,,,,,,,,,,,,,,,,,,,,,,,,
Coscinodiscus wailesii,1,A03A,,,,,,,,,,,,,,,,,,,,,,,,,,,,,,,,,,,,,
Coscinodiscus wailesii,5,A03A,,,,,,,,,,,,,,,,,,,,,,,,,,,,,,,,,,,,,
Podolampas bipes,1,A03A,,,,,,,,,,,,,,,,,,,,,,,,,,,,,,,,,,,,,
Protoperidinium (circular),2,A03A,,,,,,,,,,,,,,,,,,,,,,,,,,,,,,,,,,,,,
Pyrodinium bahamense,1,A03A,,,,,,,,,,,,,,,,,,,,,,,,,,,,,,,,,,,,,
Skeletonema costatum,40,A03A,,,,,,,,,,,,,,,,,,,,,,,,,,,,,,,,,,,,,
Thalassionema fraunfeildii,7,A03A,,,,,,,,,,,,,,,,,,,,,,,,,,,,,,,,,,,,,
Thassionema sp,1,A03A,,,,,,,,,,,,,,,,,,,,,,,,,,,,,,,,,,,,,
Trieres chinensis,2,A03A,,,,,,,,,,,,,,,,,,,,,,,,,,,,,,,,,,,,,
Trieres mobiliensis,3,A03A,,,,,,,,,,,,,,,,,,,,,,,,,,,,,,,,,,,,,
Tripos cf mssiliensis,1,A03A,,,,,,,,,,,,,,,,,,,,,,,,,,,,,,,,,,,,,
Tripos extensum,1,A03A,,,,,,,,,,,,,,,,,,,,,,,,,,,,,,,,,,,,,
Actinociclus sp,6,A06A,,,,,,,,,,,,,,,,,,,,,,,,,,,,,,,,,,,,,
Actinocyclus senarius,3,A06A,,,,,,,,,,,,,,,,,,,,,,,,,,,,,,,,,,,,,
Coscinodiscopsis jonesiana,60,A06A,,,,,,,,,,,,,,,,,,,,,,,,,,,,,,,,,,,,,
Coscinodiscus centralis,2,A06A,,,,,,,,,,,,,,,,,,,,,,,,,,,,,,,,,,,,,
Coscinodiscus granii,3,A06A,,,,,,,,,,,,,,,,,,,,,,,,,,,,,,,,,,,,,
Coscinodiscus perforatus,3,A06A,,,,,,,,,,,,,,,,,,,,,,,,,,,,,,,,,,,,,
Coscinodiscus sp 1,1,A06A,,,,,,,,,,,,,,,,,,,,,,,,,,,,,,,,,,,,,
Gyrosigma sp,1,A06A,,,,,,,,,,,,,,,,,,,,,,,,,,,,,,,,,,,,,
Protoperidinium sp 1,2,A06A,,,,,,,,,,,,,,,,,,,,,,,,,,,,,,,,,,,,,
Protoperidinium sp 1,4,A06A,,,,,,,,,,,,,,,,,,,,,,,,,,,,,,,,,,,,,
Protoperidinium (pentagonal),3,A06A,,,,,,,,,,,,,,,,,,,,,,,,,,,,,,,,,,,,,
Skeletonema costatum,19,A06A,,,,,,,,,,,,,,,,,,,,,,,,,,,,,,,,,,,,,
Thalassionema fraunfeldii,3,A06A,,,,,,,,,,,,,,,,,,,,,,,,,,,,,,,,,,,,,
Thalassiosira sp,1,A06A,,,,,,,,,,,,,,,,,,,,,,,,,,,,,,,,,,,,,
Thassionema sp,1,A06A,,,,,,,,,,,,,,,,,,,,,,,,,,,,,,,,,,,,,
Trieres chinensis,5,A06A,,,,,,,,,,,,,,,,,,,,,,,,,,,,,,,,,,,,,
Trieres mobiliensis,2,A06A,,,,,,,,,,,,,,,,,,,,,,,,,,,,,,,,,,,,,
Tripos eugrammus,1,A06A,,,,,,,,,,,,,,,,,,,,,,,,,,,,,,,,,,,,,
Chaetoceros affinis,1,A05B,,,,,,,,,,,,,,,,,,,,,,,,,,,,,,,,,,,,,
Chaetoceros curvisetus,6,A05B,,,,,,,,,,,,,,,,,,,,,,,,,,,,,,,,,,,,,
Coscinodiscopsis jonesiana,51,A05B,,,,,,,,,,,,,,,,,,,,,,,,,,,,,,,,,,,,,
Coscinodiscus granii,5,A05B,,,,,,,,,,,,,,,,,,,,,,,,,,,,,,,,,,,,,
Coscinodiscus radiatus,4,A05B,,,,,,,,,,,,,,,,,,,,,,,,,,,,,,,,,,,,,
Coscinodiscus sp 1,4,A05B,,,,,,,,,,,,,,,,,,,,,,,,,,,,,,,,,,,,,
Coscinodiscus sp 2,6,A05B,,,,,,,,,,,,,,,,,,,,,,,,,,,,,,,,,,,,,
Coscinodiscus wailesii,2,A05B,,,,,,,,,,,,,,,,,,,,,,,,,,,,,,,,,,,,,
Hobaniella longicruris,2,A05B,,,,,,,,,,,,,,,,,,,,,,,,,,,,,,,,,,,,,
Lithodesmium undulatum,2,A05B,,,,,,,,,,,,,,,,,,,,,,,,,,,,,,,,,,,,,
Odontella aurita,2,A05B,,,,,,,,,,,,,,,,,,,,,,,,,,,,,,,,,,,,,
Protoperidinium (circular),1,A05B,,,,,,,,,,,,,,,,,,,,,,,,,,,,,,,,,,,,,
Protoperidinium (pentagonal),2,A05B,,,,,,,,,,,,,,,,,,,,,,,,,,,,,,,,,,,,,
Protoperidinium (pentagonal-falda),1,A05B,,,,,,,,,,,,,,,,,,,,,,,,,,,,,,,,,,,,,
Skeletonema costatum,13,A05B,,,,,,,,,,,,,,,,,,,,,,,,,,,,,,,,,,,,,
Thalassionema fraunfeldii,2,A05B,,,,,,,,,,,,,,,,,,,,,,,,,,,,,,,,,,,,,
Thalassionema sp,1,A05B,,,,,,,,,,,,,,,,,,,,,,,,,,,,,,,,,,,,,
Thassiosira sp,4,A05B,,,,,,,,,,,,,,,,,,,,,,,,,,,,,,,,,,,,,
Trieres chinensis,5,A05B,,,,,,,,,,,,,,,,,,,,,,,,,,,,,,,,,,,,,
Trieres mobiliensis,6,A05B,,,,,,,,,,,,,,,,,,,,,,,,,,,,,,,,,,,,,
Tripos eugrammus,1,A05B,,,,,,,,,,,,,,,,,,,,,,,,,,,,,,,,,,,,,
Tripos massiliensis,1,A05B,,,,,,,,,,,,,,,,,,,,,,,,,,,,,,,,,,,,,
Actinocyclus senarius,1,A04B,,,,,,,,,,,,,,,,,,,,,,,,,,,,,,,,,,,,,
Bacteriastrum hyalinum,4,A04B,,,,,,,,,,,,,,,,,,,,,,,,,,,,,,,,,,,,,
Chaetoceros affinis,12,A04B,,,,,,,,,,,,,,,,,,,,,,,,,,,,,,,,,,,,,
Chaetoceros lorenzianus,4,A04B,,,,,,,,,,,,,,,,,,,,,,,,,,,,,,,,,,,,,
Chaetoceros peruvianus,3,A04B,,,,,,,,,,,,,,,,,,,,,,,,,,,,,,,,,,,,,
Chaetoceros sp 1,14,A04B,,,,,,,,,,,,,,,,,,,,,,,,,,,,,,,,,,,,,
Coscinodiscopsis jonesiana,16,A04B,,,,,,,,,,,,,,,,,,,,,,,,,,,,,,,,,,,,,
Coscinodiscus asteromphalus,2,A04B,,,,,,,,,,,,,,,,,,,,,,,,,,,,,,,,,,,,,
Coscinodiscus granii,4,A04B,,,,,,,,,,,,,,,,,,,,,,,,,,,,,,,,,,,,,
Coscinodiscus perforatus,5,A04B,,,,,,,,,,,,,,,,,,,,,,,,,,,,,,,,,,,,,
Dinophysis caudata,6,A04B,,,,,,,,,,,,,,,,,,,,,,,,,,,,,,,,,,,,,
Ditylum brightwellii,4,A04B,,,,,,,,,,,,,,,,,,,,,,,,,,,,,,,,,,,,,
Hobaniella longicruris,1,A04B,,,,,,,,,,,,,,,,,,,,,,,,,,,,,,,,,,,,,
Lithodesmium undulatum,8,A04B,,,,,,,,,,,,,,,,,,,,,,,,,,,,,,,,,,,,,
Nitzschia closterium,1,A04B,,,,,,,,,,,,,,,,,,,,,,,,,,,,,,,,,,,,,
Odontella aurita,1,A04B,,,,,,,,,,,,,,,,,,,,,,,,,,,,,,,,,,,,,
Proboscia sp,3,A04B,,,,,,,,,,,,,,,,,,,,,,,,,,,,,,,,,,,,,
Protoperidinium sp 1,2,A04B,,,,,,,,,,,,,,,,,,,,,,,,,,,,,,,,,,,,,
Protoperidinium sp 1,1,A04B,,,,,,,,,,,,,,,,,,,,,,,,,,,,,,,,,,,,,
Skeletonema costatum,78,A04B,,,,,,,,,,,,,,,,,,,,,,,,,,,,,,,,,,,,,
Thalassionema frauenfeldii,12,A04B,,,,,,,,,,,,,,,,,,,,,,,,,,,,,,,,,,,,,
Thalassionema nitzschioides,4,A04B,,,,,,,,,,,,,,,,,,,,,,,,,,,,,,,,,,,,,
Thalassiosionema sp,3,A04B,,,,,,,,,,,,,,,,,,,,,,,,,,,,,,,,,,,,,
Thalassiosira sp,2,A04B,,,,,,,,,,,,,,,,,,,,,,,,,,,,,,,,,,,,,
Trieres chinensis,20,A04B,,,,,,,,,,,,,,,,,,,,,,,,,,,,,,,,,,,,,
Trieres mobiliensis,11,A04B,,,,,,,,,,,,,,,,,,,,,,,,,,,,,,,,,,,,,
Tripos trichoceros,1,A04B,,,,,,,,,,,,,,,,,,,,,,,,,,,,,,,,,,,,,
Actinocyclus senarius,2,A03B,,,,,,,,,,,,,,,,,,,,,,,,,,,,,,,,,,,,,
Bacillaria paxillifer,11,A03B,,,,,,,,,,,,,,,,,,,,,,,,,,,,,,,,,,,,,
Cerataulina pelagica,1,A03B,,,,,,,,,,,,,,,,,,,,,,,,,,,,,,,,,,,,,
Chaetoceros curvisetus,10,A03B,,,,,,,,,,,,,,,,,,,,,,,,,,,,,,,,,,,,,
Cianobacteria,83,A03B,,,,,,,,,,,,,,,,,,,,,,,,,,,,,,,,,,,,,
Coscinodiscopsis jonesiana,8,A03B,,,,,,,,,,,,,,,,,,,,,,,,,,,,,,,,,,,,,
Coscinodiscus centralis,2,A03B,,,,,,,,,,,,,,,,,,,,,,,,,,,,,,,,,,,,,
Coscinodiscus sp 2,3,A03B,,,,,,,,,,,,,,,,,,,,,,,,,,,,,,,,,,,,,
Coscinodiscus granii,12,A03B,,,,,,,,,,,,,,,,,,,,,,,,,,,,,,,,,,,,,
Ditylum brightwellii,1,A03B,,,,,,,,,,,,,,,,,,,,,,,,,,,,,,,,,,,,,
Guinardia flaccida,1,A03B,,,,,,,,,,,,,,,,,,,,,,,,,,,,,,,,,,,,,
Lithodesmium undulatum,2,A03B,,,,,,,,,,,,,,,,,,,,,,,,,,,,,,,,,,,,,
Odontella aurita,1,A03B,,,,,,,,,,,,,,,,,,,,,,,,,,,,,,,,,,,,,
Planktoniella muriformis,77,A03B,,,,,,,,,,,,,,,,,,,,,,,,,,,,,,,,,,,,,
Protoperidinium (pentagonal-falda),3,A03B,,,,,,,,,,,,,,,,,,,,,,,,,,,,,,,,,,,,,
Protoperidinium (pentagonal),1,A03B,,,,,,,,,,,,,,,,,,,,,,,,,,,,,,,,,,,,,
Pseudonitzschia sp,2,A03B,,,,,,,,,,,,,,,,,,,,,,,,,,,,,,,,,,,,,
Rhizosolenia imbricata,2,A03B,,,,,,,,,,,,,,,,,,,,,,,,,,,,,,,,,,,,,
Skeletonema costatum,35,A03B,,,,,,,,,,,,,,,,,,,,,,,,,,,,,,,,,,,,,
Skeletonema tropicum,7,A03B,,,,,,,,,,,,,,,,,,,,,,,,,,,,,,,,,,,,,
Streptotheca sp,4,A03B,,,,,,,,,,,,,,,,,,,,,,,,,,,,,,,,,,,,,
Thalassionema fraunfeldii,5,A03B,,,,,,,,,,,,,,,,,,,,,,,,,,,,,,,,,,,,,
Thalassionema nizschioides,2,A03B,,,,,,,,,,,,,,,,,,,,,,,,,,,,,,,,,,,,,
Thalassionema sp,4,A03B,,,,,,,,,,,,,,,,,,,,,,,,,,,,,,,,,,,,,
Trieres chinensis,5,A03B,,,,,,,,,,,,,,,,,,,,,,,,,,,,,,,,,,,,,
Trieres mobiliensis,7,A03B,,,,,,,,,,,,,,,,,,,,,,,,,,,,,,,,,,,,,
Tripos eugrammus,1,A03B,,,,,,,,,,,,,,,,,,,,,,,,,,,,,,,,,,,,,
Bacteriastrum hyalinum,2,S02A,,,,,,,,,,,,,,,,,,,,,,,,,,,,,,,,,,,,,
Coscinodiscus gigas,5,S02A,,,,,,,,,,,,,,,,,,,,,,,,,,,,,,,,,,,,,
Coscinodiscus granii,1,S02A,,,,,,,,,,,,,,,,,,,,,,,,,,,,,,,,,,,,,
Coscinodiscus wailesii,3,S02A,,,,,,,,,,,,,,,,,,,,,,,,,,,,,,,,,,,,,
Cyclotella striata,2,S02A,,,,,,,,,,,,,,,,,,,,,,,,,,,,,,,,,,,,,
Dactyliosolen sp,1,S02A,,,,,,,,,,,,,,,,,,,,,,,,,,,,,,,,,,,,,
Gonyaulax sp,3,S02A,,,,,,,,,,,,,,,,,,,,,,,,,,,,,,,,,,,,,
Lioloma elongatum,2,S02A,,,,,,,,,,,,,,,,,,,,,,,,,,,,,,,,,,,,,
Skeletonema costatum,104,S02A,,,,,,,,,,,,,,,,,,,,,,,,,,,,,,,,,,,,,
trieres chinenesis,1,S02A,,,,,,,,,,,,,,,,,,,,,,,,,,,,,,,,,,,,,
Tripos muellerii,3,S02A,,,,,,,,,,,,,,,,,,,,,,,,,,,,,,,,,,,,,
Tripos sp,3,S02A,,,,,,,,,,,,,,,,,,,,,,,,,,,,,,,,,,,,,
Ceratocorys horrida,1,S01A,,,,,,,,,,,,,,,,,,,,,,,,,,,,,,,,,,,,,
Chaetoceros diversus,7,S01A,,,,,,,,,,,,,,,,,,,,,,,,,,,,,,,,,,,,,
Chaetoceros protuberans,2,S01A,,,,,,,,,,,,,,,,,,,,,,,,,,,,,,,,,,,,,
Coscinodiscopsis jonesiana,1,S01A,,,,,,,,,,,,,,,,,,,,,,,,,,,,,,,,,,,,,
Coscinodiscus gigas,7,S01A,,,,,,,,,,,,,,,,,,,,,,,,,,,,,,,,,,,,,
Coscinodiscus granii,2,S01A,,,,,,,,,,,,,,,,,,,,,,,,,,,,,,,,,,,,,
Coscinodiscus sp 2,1,S01A,,,,,,,,,,,,,,,,,,,,,,,,,,,,,,,,,,,,,
Ceratocorys horrida,1,S01A,,,,,,,,,,,,,,,,,,,,,,,,,,,,,,,,,,,,,
Dinoflagelado circular,1,S01A,,,,,,,,,,,,,,,,,,,,,,,,,,,,,,,,,,,,,
Lithodesmium undulatum,2,S01A,,,,,,,,,,,,,,,,,,,,,,,,,,,,,,,,,,,,,
Ornitocercus sp,1,S01A,,,,,,,,,,,,,,,,,,,,,,,,,,,,,,,,,,,,,
Phalacroma rapa,1,S01A,,,,,,,,,,,,,,,,,,,,,,,,,,,,,,,,,,,,,
Proboscia sp,2,S01A,,,,,,,,,,,,,,,,,,,,,,,,,,,,,,,,,,,,,
Skeletonema costatum,70,S01A,,,,,,,,,,,,,,,,,,,,,,,,,,,,,,,,,,,,,
Thalassionema nizschioides,2,S01A,,,,,,,,,,,,,,,,,,,,,,,,,,,,,,,,,,,,,
Trieres chinensis,2,S01A,,,,,,,,,,,,,,,,,,,,,,,,,,,,,,,,,,,,,
Tripos aff muelleri-brevis,3,S01A,,,,,,,,,,,,,,,,,,,,,,,,,,,,,,,,,,,,,
Tripos brevis,1,S01A,,,,,,,,,,,,,,,,,,,,,,,,,,,,,,,,,,,,,
Tripos sp,1,S01A,,,,,,,,,,,,,,,,,,,,,,,,,,,,,,,,,,,,,
Ceratocorys horrida,1,A02A,,,,,,,,,,,,,,,,,,,,,,,,,,,,,,,,,,,,,
Chaetoceros diversus,8,A02A,,,,,,,,,,,,,,,,,,,,,,,,,,,,,,,,,,,,,
Chaetoceros lorenzianus,4,A02A,,,,,,,,,,,,,,,,,,,,,,,,,,,,,,,,,,,,,
Coscinodiscopsis jonesiana,3,A02A,,,,,,,,,,,,,,,,,,,,,,,,,,,,,,,,,,,,,
Coscinodiscus gigas,4,A02A,,,,,,,,,,,,,,,,,,,,,,,,,,,,,,,,,,,,,
Coscinodiscus granii,1,A02A,,,,,,,,,,,,,,,,,,,,,,,,,,,,,,,,,,,,,
Coscinodiscus wailesii,1,A02A,,,,,,,,,,,,,,,,,,,,,,,,,,,,,,,,,,,,,
Ditylum brightwellii,2,A02A,,,,,,,,,,,,,,,,,,,,,,,,,,,,,,,,,,,,,
Protoperidinium (esperico),3,A02A,,,,,,,,,,,,,,,,,,,,,,,,,,,,,,,,,,,,,
Protoperidinium (pentagonal),1,A02A,,,,,,,,,,,,,,,,,,,,,,,,,,,,,,,,,,,,,
Rhizosolenia imbricata,2,A02A,,,,,,,,,,,,,,,,,,,,,,,,,,,,,,,,,,,,,
Skeletonema costatum,12,A02A,,,,,,,,,,,,,,,,,,,,,,,,,,,,,,,,,,,,,
Thalassionema fraunfeldii,4,A02A,,,,,,,,,,,,,,,,,,,,,,,,,,,,,,,,,,,,,
Trieres chinenesis,3,A02A,,,,,,,,,,,,,,,,,,,,,,,,,,,,,,,,,,,,,
Tripos eugrammus,1,A02A,,,,,,,,,,,,,,,,,,,,,,,,,,,,,,,,,,,,,
Tripos lunula,1,A02A,,,,,,,,,,,,,,,,,,,,,,,,,,,,,,,,,,,,,
Tripos masilienssis,3,A02A,,,,,,,,,,,,,,,,,,,,,,,,,,,,,,,,,,,,,
Tripos muellerii,3,A02A,,,,,,,,,,,,,,,,,,,,,,,,,,,,,,,,,,,,,
Bacteriastrum furcatum,1,A01A,,,,,,,,,,,,,,,,,,,,,,,,,,,,,,,,,,,,,
Bacteriastrum hyalinum,2,A01A,,,,,,,,,,,,,,,,,,,,,,,,,,,,,,,,,,,,,
Ceratocorys horrida,1,A01A,,,,,,,,,,,,,,,,,,,,,,,,,,,,,,,,,,,,,
Chaetoceros diversus,2,A01A,,,,,,,,,,,,,,,,,,,,,,,,,,,,,,,,,,,,,
Chaetoceros lorenzianus,4,A01A,,,,,,,,,,,,,,,,,,,,,,,,,,,,,,,,,,,,,
Coscinodiscus gigas,3,A01A,,,,,,,,,,,,,,,,,,,,,,,,,,,,,,,,,,,,,
Coscinodiscus granii,3,A01A,,,,,,,,,,,,,,,,,,,,,,,,,,,,,,,,,,,,,
Dinoflageladodesnudo,1,A01A,,,,,,,,,,,,,,,,,,,,,,,,,,,,,,,,,,,,,
Proboscia sp,2,A01A,,,,,,,,,,,,,,,,,,,,,,,,,,,,,,,,,,,,,
Protoperidinium (circular),1,A01A,,,,,,,,,,,,,,,,,,,,,,,,,,,,,,,,,,,,,
Pyrocystis sp,1,A01A,,,,,,,,,,,,,,,,,,,,,,,,,,,,,,,,,,,,,
Rhizosolenia imbricata,1,A01A,,,,,,,,,,,,,,,,,,,,,,,,,,,,,,,,,,,,,
Skeletonema costatum,10,A01A,,,,,,,,,,,,,,,,,,,,,,,,,,,,,,,,,,,,,
Thalassionema nitzschioides/pseudo,3,A01A,,,,,,,,,,,,,,,,,,,,,,,,,,,,,,,,,,,,,
Thalassiosira sp,1,A01A,,,,,,,,,,,,,,,,,,,,,,,,,,,,,,,,,,,,,
Trieres chinenesis,1,A01A,,,,,,,,,,,,,,,,,,,,,,,,,,,,,,,,,,,,,
Trios muelleri,2,A01A,,,,,,,,,,,,,,,,,,,,,,,,,,,,,,,,,,,,,
Tripos macroceroS,1,A01A,,,,,,,,,,,,,,,,,,,,,,,,,,,,,,,,,,,,,
Tripos massiliensis,1,A01A,,,,,,,,,,,,,,,,,,,,,,,,,,,,,,,,,,,,,
Alexandrium sp,3,S02B,,,,,,,,,,,,,,,,,,,,,,,,,,,,,,,,,,,,,
Cerataulina pelagica,4,S02B,,,,,,,,,,,,,,,,,,,,,,,,,,,,,,,,,,,,,
Chaetoceros curvisetus,16,S02B,,,,,,,,,,,,,,,,,,,,,,,,,,,,,,,,,,,,,
Coscinodiscus gigas,5,S02B,,,,,,,,,,,,,,,,,,,,,,,,,,,,,,,,,,,,,
Coscinodiscus granii,3,S02B,,,,,,,,,,,,,,,,,,,,,,,,,,,,,,,,,,,,,
Coscinodiscus sp 2,1,S02B,,,,,,,,,,,,,,,,,,,,,,,,,,,,,,,,,,,,,
Dinophysis caudata,2,S02B,,,,,,,,,,,,,,,,,,,,,,,,,,,,,,,,,,,,,
Ditylum brightwellii,1,S02B,,,,,,,,,,,,,,,,,,,,,,,,,,,,,,,,,,,,,
Ditylum brightwellii,3,S02B,,,,,,,,,,,,,,,,,,,,,,,,,,,,,,,,,,,,,
Pseudonitzschia sp,2,S02B,,,,,,,,,,,,,,,,,,,,,,,,,,,,,,,,,,,,,
Pyrodinium sp,1,S02B,,,,,,,,,,,,,,,,,,,,,,,,,,,,,,,,,,,,,
Skeletonema costatum,45,S02B,,,,,,,,,,,,,,,,,,,,,,,,,,,,,,,,,,,,,
Skeletonema pseudocostatum,8,S02B,,,,,,,,,,,,,,,,,,,,,,,,,,,,,,,,,,,,,
Thalassionema fraunfeldii,2,S02B,,,,,,,,,,,,,,,,,,,,,,,,,,,,,,,,,,,,,
Thalassionema nizschioides,3,S02B,,,,,,,,,,,,,,,,,,,,,,,,,,,,,,,,,,,,,
Thalssionema ,1,S02B,,,,,,,,,,,,,,,,,,,,,,,,,,,,,,,,,,,,,
Trieres chinenesis,2,S02B,,,,,,,,,,,,,,,,,,,,,,,,,,,,,,,,,,,,,
Tripos missiliensis,1,S02B,,,,,,,,,,,,,,,,,,,,,,,,,,,,,,,,,,,,,
Tripos muelleri,2,S02B,,,,,,,,,,,,,,,,,,,,,,,,,,,,,,,,,,,,,
Tripos muellerii,1,S02B,,,,,,,,,,,,,,,,,,,,,,,,,,,,,,,,,,,,,
Chaetoceros affinis,2,S01B,,,,,,,,,,,,,,,,,,,,,,,,,,,,,,,,,,,,,
Chaetoceros danicus,2,S01B,,,,,,,,,,,,,,,,,,,,,,,,,,,,,,,,,,,,,
Chaetoceros diversus,4,S01B,,,,,,,,,,,,,,,,,,,,,,,,,,,,,,,,,,,,,
Chaetoceros lorenzianus,4,S01B,,,,,,,,,,,,,,,,,,,,,,,,,,,,,,,,,,,,,
Coscinodiscus asteromphalus,1,S01B,,,,,,,,,,,,,,,,,,,,,,,,,,,,,,,,,,,,,
Coscinodiscus gigas,16,S01B,,,,,,,,,,,,,,,,,,,,,,,,,,,,,,,,,,,,,
Coscinodiscus granii,4,S01B,,,,,,,,,,,,,,,,,,,,,,,,,,,,,,,,,,,,,
Coscinodiscus radiatus,1,S01B,,,,,,,,,,,,,,,,,,,,,,,,,,,,,,,,,,,,,
Coscinodiscus sp 2,2,S01B,,,,,,,,,,,,,,,,,,,,,,,,,,,,,,,,,,,,,
Coscinodiscus wailesii,2,S01B,,,,,,,,,,,,,,,,,,,,,,,,,,,,,,,,,,,,,
Ditylum brightwellii,1,S01B,,,,,,,,,,,,,,,,,,,,,,,,,,,,,,,,,,,,,
Proboscia sp,1,S01B,,,,,,,,,,,,,,,,,,,,,,,,,,,,,,,,,,,,,
Skeletonema costatum,8,S01B,,,,,,,,,,,,,,,,,,,,,,,,,,,,,,,,,,,,,
Thalassionema nizschioides,1,S01B,,,,,,,,,,,,,,,,,,,,,,,,,,,,,,,,,,,,,
Asteromphalus sp,2,A02B,,,,,,,,,,,,,,,,,,,,,,,,,,,,,,,,,,,,,
Cerataulina pelagica,2,A02B,,,,,,,,,,,,,,,,,,,,,,,,,,,,,,,,,,,,,
Chaetoceros curvisetus,7,A02B,,,,,,,,,,,,,,,,,,,,,,,,,,,,,,,,,,,,,
Chaetoceros diversus,4,A02B,,,,,,,,,,,,,,,,,,,,,,,,,,,,,,,,,,,,,
Chaetoceros lorenzianus,6,A02B,,,,,,,,,,,,,,,,,,,,,,,,,,,,,,,,,,,,,
Coscinodiscopsis jonesiana,5,A02B,,,,,,,,,,,,,,,,,,,,,,,,,,,,,,,,,,,,,
Coscinodiscus gigas,5,A02B,,,,,,,,,,,,,,,,,,,,,,,,,,,,,,,,,,,,,
Coscinodiscus granii,15,A02B,,,,,,,,,,,,,,,,,,,,,,,,,,,,,,,,,,,,,
Coscinodiscus perforatus,2,A02B,,,,,,,,,,,,,,,,,,,,,,,,,,,,,,,,,,,,,
Dinophysis caudata,12,A02B,,,,,,,,,,,,,,,,,,,,,,,,,,,,,,,,,,,,,
Ditylum brightwellii,4,A02B,,,,,,,,,,,,,,,,,,,,,,,,,,,,,,,,,,,,,
Gonyaulax sp,2,A02B,,,,,,,,,,,,,,,,,,,,,,,,,,,,,,,,,,,,,
Lithodesmium undulatum,2,A02B,,,,,,,,,,,,,,,,,,,,,,,,,,,,,,,,,,,,,
Proboscia sp,4,A02B,,,,,,,,,,,,,,,,,,,,,,,,,,,,,,,,,,,,,
Protoperidinium sp 1,4,A02B,,,,,,,,,,,,,,,,,,,,,,,,,,,,,,,,,,,,,
Protoperidinium sp 2,1,A02B,,,,,,,,,,,,,,,,,,,,,,,,,,,,,,,,,,,,,
Pseudonitzschia sp,6,A02B,,,,,,,,,,,,,,,,,,,,,,,,,,,,,,,,,,,,,
Pyrophacus sp,2,A02B,,,,,,,,,,,,,,,,,,,,,,,,,,,,,,,,,,,,,
Rhizosolenia imbricata,3,A02B,,,,,,,,,,,,,,,,,,,,,,,,,,,,,,,,,,,,,
Skeletonema costatum,159,A02B,,,,,,,,,,,,,,,,,,,,,,,,,,,,,,,,,,,,,
Skeletonema tropicum,39,A02B,,,,,,,,,,,,,,,,,,,,,,,,,,,,,,,,,,,,,
Thalassionema nitzschioides,2,A02B,,,,,,,,,,,,,,,,,,,,,,,,,,,,,,,,,,,,,
Trieres chinensis,16,A02B,,,,,,,,,,,,,,,,,,,,,,,,,,,,,,,,,,,,,
Trieres mobiliensis,3,A02B,,,,,,,,,,,,,,,,,,,,,,,,,,,,,,,,,,,,,
Tripos eugramus,4,A02B,,,,,,,,,,,,,,,,,,,,,,,,,,,,,,,,,,,,,
Bacteriastrum furcatum,2,A01B,,,,,,,,,,,,,,,,,,,,,,,,,,,,,,,,,,,,,
Cerataulina pelagica,3,A01B,,,,,,,,,,,,,,,,,,,,,,,,,,,,,,,,,,,,,
Chaetoceros affinis,2,A01B,,,,,,,,,,,,,,,,,,,,,,,,,,,,,,,,,,,,,
Chaetoceros curvisetus,9,A01B,,,,,,,,,,,,,,,,,,,,,,,,,,,,,,,,,,,,,
Chaetoceros danicus,6,A01B,,,,,,,,,,,,,,,,,,,,,,,,,,,,,,,,,,,,,
Chaetoceros debilis,5,A01B,,,,,,,,,,,,,,,,,,,,,,,,,,,,,,,,,,,,,
Chaetoceros diversus,5,A01B,,,,,,,,,,,,,,,,,,,,,,,,,,,,,,,,,,,,,
Chaetoceros lorenzianus,7,A01B,,,,,,,,,,,,,,,,,,,,,,,,,,,,,,,,,,,,,
Chaetoceros peruvianus,1,A01B,,,,,,,,,,,,,,,,,,,,,,,,,,,,,,,,,,,,,
Coscinodiscopsis jonesiana,1,A01B,,,,,,,,,,,,,,,,,,,,,,,,,,,,,,,,,,,,,
Coscinodiscus gigas,4,A01B,,,,,,,,,,,,,,,,,,,,,,,,,,,,,,,,,,,,,
Coscinodiscus granii,8,A01B,,,,,,,,,,,,,,,,,,,,,,,,,,,,,,,,,,,,,
Coscinodiscus perforatus,2,A01B,,,,,,,,,,,,,,,,,,,,,,,,,,,,,,,,,,,,,
Coscinodiscus radiatus,1,A01B,,,,,,,,,,,,,,,,,,,,,,,,,,,,,,,,,,,,,
Coscinodiscus sp 2,7,A01B,,,,,,,,,,,,,,,,,,,,,,,,,,,,,,,,,,,,,
Coscinodiscus wailesii,1,A01B,,,,,,,,,,,,,,,,,,,,,,,,,,,,,,,,,,,,,
Dinophysis caudata,2,A01B,,,,,,,,,,,,,,,,,,,,,,,,,,,,,,,,,,,,,
Ditylum brightwellii,3,A01B,,,,,,,,,,,,,,,,,,,,,,,,,,,,,,,,,,,,,
Gonyalacaceae,1,A01B,,,,,,,,,,,,,,,,,,,,,,,,,,,,,,,,,,,,,
Gonyaulax polygramma,1,A01B,,,,,,,,,,,,,,,,,,,,,,,,,,,,,,,,,,,,,
Hemiaulus membranaceus,1,A01B,,,,,,,,,,,,,,,,,,,,,,,,,,,,,,,,,,,,,
Lithodesmium undulatum,3,A01B,,,,,,,,,,,,,,,,,,,,,,,,,,,,,,,,,,,,,
Phalacroma sp,1,A01B,,,,,,,,,,,,,,,,,,,,,,,,,,,,,,,,,,,,,
Proboscia sp,1,A01B,,,,,,,,,,,,,,,,,,,,,,,,,,,,,,,,,,,,,
Protoperidinium (circular),5,A01B,,,,,,,,,,,,,,,,,,,,,,,,,,,,,,,,,,,,,
Protoperidinium pyriforme,1,A01B,,,,,,,,,,,,,,,,,,,,,,,,,,,,,,,,,,,,,
Protoperidinium sp 1,11,A01B,,,,,,,,,,,,,,,,,,,,,,,,,,,,,,,,,,,,,
Pseudonitzschia sp,5,A01B,,,,,,,,,,,,,,,,,,,,,,,,,,,,,,,,,,,,,
Scripsiella sp,1,A01B,,,,,,,,,,,,,,,,,,,,,,,,,,,,,,,,,,,,,
Skeletonema costatum,136,A01B,,,,,,,,,,,,,,,,,,,,,,,,,,,,,,,,,,,,,
Skeletonema tropicum,49,A01B,,,,,,,,,,,,,,,,,,,,,,,,,,,,,,,,,,,,,
Thalassionema nitzschioides,6,A01B,,,,,,,,,,,,,,,,,,,,,,,,,,,,,,,,,,,,,
Trieres chinensis,7,A01B,,,,,,,,,,,,,,,,,,,,,,,,,,,,,,,,,,,,,
Tripos arietinus,1,A01B,,,,,,,,,,,,,,,,,,,,,,,,,,,,,,,,,,,,,
Tripos eugramus,6,A01B,,,,,,,,,,,,,,,,,,,,,,,,,,,,,,,,,,,,,
Tripos fusus,2,A01B,,,,,,,,,,,,,,,,,,,,,,,,,,,,,,,,,,,,,
Tripos massiliensis,2,A01B,,,,,,,,,,,,,,,,,,,,,,,,,,,,,,,,,,,,,
Tripos muelleri,14,A01B,,,,,,,,,,,,,,,,,,,,,,,,,,,,,,,,,,,,,
