Especies,Conteo,Estacion,Densidad
Actinocyclus senarius,2,S06B,33
Bacillaria paxillifer,26,S06B,433
Bacteriastrum hyalinum,4,S06B,67
Cerataulina pelagica,1,S06B,17
Chaetoceros affinis,31,S06B,517
Chaetoceros compressus,8,S06B,133
Chaetoceros curvisetus,268,S06B,4467
Chaetoceros danicus,3,S06B,50
Chaetoceros denticulatus,1,S06B,17
Chaetoceros diversus,4,S06B,67
Chaetoceros lorenzianus,58,S06B,967
Chaetoceros peruvianus,5,S06B,83
Chaetoceros sp 1,47,S06B,783
Chaetoceros subtilis,9,S06B,150
Coscinodiscopsis jonesiana,151,S06B,2517
Coscinodiscus asteromphalus,29,S06B,483
Coscinodiscus granii,19,S06B,317
Coscinodiscus perforatus,26,S06B,433
Coscinodiscus radiatus,15,S06B,250
Coscinodiscus sp 1,40,S06B,667
Coscinodiscus sp 2,29,S06B,483
Coscinodiscus wailesii,1,S06B,17
Ditylum brightwellii,10,S06B,167
Guinardia flaccida,34,S06B,567
Gyrosigma sp,9,S06B,150
Lioloma elongatum,5,S06B,83
Lithodesmium undulatum,5,S06B,83
Navicula sp,1,S06B,17
Nitzschia sigmaformis,1,S06B,17
Nitzschia sigmoidea,1,S06B,17
Prorocentrum lima,1,S06B,17
Prorocentrum sp,1,S06B,17
Proboscia alata,2,S06B,33
Protoperidinium sp 1,5,S06B,83
Pseudonitzschia sp,4,S06B,67
Rhizosolenia imbricata,6,S06B,100
Rhizosolenia setigera,2,S06B,33
Skeletonema costatum,840,S06B,14000
Stephanopyxis sp,2,S06B,33
Stephanopyxis turris,13,S06B,217
Thalassiosira nitzschioides,28,S06B,467
Trieres chinensis,50,S06B,833
Trieres mobiliensis,13,S06B,217
Tripos eugrammus,4,S06B,67
Aulacodiscus kittonii,1,S05B,17
Bacillaria paxillifer,14,S05B,233
Bacteriastrum hyalinum,7,S05B,117
Cerataulina sp,5,S05B,83
Ceratocorys horrida,1,S05B,17
Chaetoceros paradoxus,3,S05B,50
Chaetoceros affinis,12,S05B,200
Chaetoceros brevis,4,S05B,67
Chaetoceros curvisetus,171,S05B,2850
Chaetoceros danicus,6,S05B,100
Chaetoceros debilis,58,S05B,967
Chaetoceros diversus,6,S05B,100
Chaetoceros lorenzianus,24,S05B,400
Chaetoceros paradoxus,19,S05B,317
Chaetoceros sp 1,35,S05B,583
Chaetoceros sp 3,7,S05B,117
Coscinodiscopsis jonesiana,53,S05B,883
Coscinodiscus asteromphalus,1,S05B,17
Coscinodiscus radiatus,13,S05B,217
Coscinodiscus sp 1,13,S05B,217
Coscinodiscus sp 2,50,S05B,833
Coscinodiscus granii,2,S05B,33
Dinophysis caudata,2,S05B,33
Ditylum brightwellii,5,S05B,83
Guinardia flaccida,17,S05B,283
Gyrosigma sp,2,S05B,33
Gyrosigma sp 2,2,S05B,33
Hobaniella longicruris,2,S05B,33
Lioloma elongatum,3,S05B,50
Lithodesmium undulatum,9,S05B,150
Melosira sp,2,S05B,33
Nitzschia sigmaformis,2,S05B,33
Nitzschia sp,9,S05B,150
Phalacroma mitra,1,S05B,17
Proboscia sp,3,S05B,50
Protoperidinium sp 1,1,S05B,17
Protoperidinium sp 2,1,S05B,17
Protoperidinium sp 3,1,S05B,17
Pseudonitzschia sp,5,S05B,83
Rhizosolenia imbricata,7,S05B,117
Skeletonema costatum,442,S05B,7367
Stephanopyxis turris,5,S05B,83
Thalassionema nitzschioides,21,S05B,350
Trieres chinensis,38,S05B,633
Trieres mobiliensis,20,S05B,333
Tripos extensus,2,S05B,33
Bacteriastrum delicatulum,3,S06A,50
Bacteriastrum hyalinum,5,S06A,83
Cerataulina pelagica,1,S06A,17
Cerataulina sp,3,S06A,50
Chaetoceros affinis,29,S06A,483
Chaetoceros coarctatus,4,S06A,67
Chaetoceros curvisetus,70,S06A,1167
Chaetoceros danicus,15,S06A,250
Chaetoceros denticulatus,2,S06A,33
Chaetoceros diversus,6,S06A,100
Chaetoceros lorenzianus,21,S06A,350
Chaetoceros peruvianus,4,S06A,67
Chaetoceros radicans,1,S06A,17
Chaetoceros sp 1,63,S06A,1050
Chaetoceros sp 2,5,S06A,83
Coscinodiscopsis jonesiana,6,S06A,100
Coscinodiscus gigas,1,S06A,17
Coscinodiscus granii,4,S06A,67
Coscinodiscus marginatus,1,S06A,17
Coscinodiscus perforatus,6,S06A,100
Coscinodiscus radiatus,1,S06A,17
Coscinodiscus sp 1,3,S06A,50
coscinodiscus sp 2,20,S06A,333
Coscinodiscus wailesii,2,S06A,33
Coscinodiscus asteromphalus,9,S06A,150
Ditylum brightwellii,5,S06A,83
Gonyaulax sp,1,S06A,17
Guinardia flaccida,17,S06A,283
Hemiaulus sinensis,2,S06A,33
Hemiaulus sp,2,S06A,33
Hobaniella longicruris,5,S06A,83
Leptocilindrus danicus,2,S06A,33
Lioloma elongatum,2,S06A,33
Lioloma pacificum,1,S06A,17
Lioloma pacificum,5,S06A,83
Lithodesmium undulatum,6,S06A,100
Lyrella sp,1,S06A,17
Odontella aurita,9,S06A,150
Proboscia sp,2,S06A,33
Prorocentrum rhathymum,1,S06A,17
Prorocentrum sp,1,S06A,17
Proboscia alata,2,S06A,33
Protoperidinium sp 1,2,S06A,33
Rhizosolenia cf hebetata,1,S06A,17
Rhizosolenia imbricata,5,S06A,83
Rhizosolenia setigera,1,S06A,17
Skeletonema pseudocostatum,9,S06A,150
Skeletonema costatum,287,S06A,4783
Skeletonema tropicum,155,S06A,2583
Stephanopyxis turris,1,S06A,17
Thalassionema nitzschioides,22,S06A,367
Trieres chinensis,28,S06A,467
Trieres mobiliensis,11,S06A,183
Tripos eugrammus,2,S06A,33
Tripos muelleri,1,S06A,17
Bacteriastrum hyalinum,23,S05A,383
Cerataulina dentata,1,S05A,17
Cerataulina bicornis,1,S05A,17
Cerataulina pelagica,2,S05A,33
Chaetoceros paradoxus,8,S05A,133
Chaetoceros affinis,55,S05A,917
Chaetoceros coarctatus,2,S05A,33
Chaetoceros compressus,2,S05A,33
Chaetoceros danicus,11,S05A,183
Chaetoceros debilis,10,S05A,167
Chaetoceros denticulatus,4,S05A,67
Chaetoceros diversus,12,S05A,200
Chaetoceros lorenzianus,23,S05A,383
Chaetoceros peruvianus,1,S05A,17
Chaetoceros sp 1,21,S05A,350
Coscinodiscus granii,1,S05A,17
Coscinodiscus sp 2,1,S05A,17
Coscinodisus gigas,2,S05A,33
Ditylum brightwellii,2,S05A,33
Guinardia flaccida,11,S05A,183
Guinardia sp,1,S05A,17
Guinardia striata,1,S05A,17
Gyrosigma sp,1,S05A,17
Hemiaulus hauckii,2,S05A,33
Hemiaulus membranaceus,1,S05A,17
Hobaniella longicruris,4,S05A,67
Leptocilindrus sp,3,S05A,50
Lithodesmium undulatum,1,S05A,17
Meuniera membranacea,2,S05A,33
Neodelphineis pelagica,3,S05A,50
Phalacroma sp,1,S05A,17
Plagiotropis sp,1,S05A,17
Proboscia sp,8,S05A,133
Protoperidinium sp 1,1,S05A,17
Pseudonitzschia sp,3,S05A,50
Pyrophacus sp,1,S05A,17
Rhizosolenia bergonii,1,S05A,17
Rhizosolenia imbricata,6,S05A,100
Skeletonema costatum,104,S05A,1733
Skeletonema tropicum,57,S05A,950
Stephanopyxis turris,2,S05A,33
Thalassionema nitzschioides,1,S05A,17
Trieres chinensis,13,S05A,217
Tripos declinatus,2,S05A,33
Tripos eugrammus,2,S05A,33
Tripos sp,2,S05A,33
Bacteriastrum furcatum,1,S04A,17
Bacteriastrum hyalinum,9,S04A,150
Chaetoceros affinis,50,S04A,833
Chaetoceros brevis,11,S04A,183
Chaetoceros danicus,4,S04A,67
Chaetoceros denticulatus,1,S04A,17
Chaetoceros diversus,29,S04A,483
Chaetoceros lorenzianus,17,S04A,283
Chaetoceros paradoxus,2,S04A,33
Chaetoceros peruvianus,3,S04A,50
Chaetoceros pseudocurvisetus,4,S04A,67
Chaetoceros sp 1,28,S04A,467
Coscinodiscus gigas,1,S04A,17
Coscinodiscus granii,1,S04A,17
Coscinodiscus perforatus,2,S04A,33
Coscinodiscus sp 1,1,S04A,17
Coscinodiscus sp 2,4,S04A,67
Coscinodiscopsis jonesiana,1,S04A,17
Diatomea pennada,2,S04A,33
Ditylum brightwellii,3,S04A,50
Guinardia flaccida,2,S04A,33
Guinardia sp,1,S04A,17
Hemiaulus sinensis,1,S04A,17
Lioloma elongatum,3,S04A,50
Lithodesmium undulatum,1,S04A,17
Neocalyptrella robusta,1,S04A,17
Odontella aurita,1,S04A,17
Ornitocercus stenii,1,S04A,17
Podolampas bipes,1,S04A,17
Proboscia sp,6,S04A,100
Prorocentrum compressum,1,S04A,17
Protoperidinium pyrum,1,S04A,17
Protoperidinium sp 4,1,S04A,17
Pyrodinium bahamense,1,S04A,17
Rhizosolenia imbricata,1,S04A,17
Skeletonema costatum,132,S04A,2200
Trieres chinensis,2,S04A,33
Tripos armatum,1,S04A,17
Tripos declinatus,2,S04A,33
Tripos eugrammus,2,S04A,33
Tripos extensus,1,S04A,17
Tripos muelleri,3,S04A,50
aff Dactiliosolen,1,S03A,17
aff Surriliella,1,S03A,17
Bacteriastrum delicatulum,2,S03A,33
Ceratocorys horrida,1,S03A,17
Chaetoceros affinis,19,S03A,317
Chaetoceros brevis complex,6,S03A,100
Chaetoceros danicus,1,S03A,17
Chaetoceros diversus,18,S03A,300
Chaetoceros lorenzianus,20,S03A,333
Cianobacteria,47,S03A,783
Coscinodiscus gigas,8,S03A,133
Ditylum brightwellii,1,S03A,17
Guinardia flaccida,1,S03A,17
Hemiaulus sinensis,2,S03A,33
Lioloma elongatum,1,S03A,17
Lithodesmium undulatum,2,S03A,33
Phalacroma rapa,1,S03A,17
Proboscia sp,2,S03A,33
Protoperidinium (circular),1,S03A,17
Protoperidinium (pentagonal-falconiforma),1,S03A,17
Rhizosolenia imbricata,2,S03A,33
Skeletonema costatum,231,S03A,3850
Trieres chinensis,5,S03A,83
Tripos muelleri,1,S03A,17
Actinocyclus senarius,4,S04B,67
Bacillaria paxillifer,15,S04B,250
Bacteriastrum hyalinum,8,S04B,133
Cerataulina pelagica,3,S04B,50
Chaetoceros affinis,5,S04B,83
Chaetoceros curvisetus,9,S04B,150
Chaetoceros denticulatus,2,S04B,33
Chaetoceros lorenzianus,8,S04B,133
Chetoceros diversus,8,S04B,133
Coscinodiscopsis jonesiana,10,S04B,167
Coscinodiscus sp 1,7,S04B,117
Coscinodiscus perforatus,2,S04B,33
Coscinodiscus sp 3,6,S04B,100
Dinophysis caudata,2,S04B,33
Ditylum brightwellii,3,S04B,50
Gyrosigma sp,4,S04B,67
Hobaniella longicruris,2,S04B,33
Lioloma pacificum,2,S04B,33
Lithodesmium undulatum,4,S04B,67
Proboscia sp,1,S04B,17
Protoperidinium sp 1,3,S04B,50
Protoperidinium sp 2,1,S04B,17
Rhizosolenia imbricata,1,S04B,17
Skeletonema costatum,152,S04B,2533
Thalassionema nitzschioides,2,S04B,33
Trieres chinensis,9,S04B,150
Trieres mobiliensis,10,S04B,167
Tripos muelleri,1,S04B,17
Actinocyclus senarius,4,S03B,67
Bacillaria paxillifer,12,S03B,200
Bacteriastrum delicatulum,5,S03B,83
Cerataulina dentata,5,S03B,83
Cerataulina pelagica,3,S03B,50
Chaetoceros affinis,32,S03B,533
Chaetoceros brevis,7,S03B,117
Chaetoceros curvisetus,1,S03B,17
Chaetoceros danicus,10,S03B,167
Chaetoceros diversus,7,S03B,117
Chaetoceros lorenzianus,5,S03B,83
Coscinodicus sp 2,36,S03B,600
Coscinodiscopsis jonesiana,26,S03B,433
Coscinodiscus gigas,1,S03B,17
Coscinodiscus granii,3,S03B,50
Coscinodiscus perforatus,6,S03B,100
Coscinodiscus sp 3,3,S03B,50
Coscinodiscus wailesii,5,S03B,83
Ditylum brightwellii,3,S03B,50
Entomoneis sp,1,S03B,17
Guinardia delicatula,2,S03B,33
Guinardia flaccida,5,S03B,83
Gyrosigma sp,3,S03B,50
Gyrosigma sp 2,1,S03B,17
Hobaniella longicruris,2,S03B,33
Lioloma elongatum,1,S03B,17
Lioloma pacificum,1,S03B,17
Lithodesmium undulatum,1,S03B,17
Navicula sp,6,S03B,100
Neocalyptrella robusta,1,S03B,17
Odontella aurita,3,S03B,50
Proboscia sp,5,S03B,83
Protoperidinium sp 1,3,S03B,50
Pseudonitzschia sp,6,S03B,100
Rhizosolenia imbricata,6,S03B,100
Rhizolenia imbricata var. Shrubsolei,2,S03B,33
Skeletonema costatum,320,S03B,5333
Stephanopyxis turris,4,S03B,67
Thalassionema nitzschioides,11,S03B,183
Thalassiosira sp,1,S03B,17
Trieres chinensis,16,S03B,267
Trieres mobiliensis,7,S03B,117
Tripos macroceros,1,S03B,17
Tripos muelleri,2,S03B,33
Bacteriastrum delicatulum,7,G06A,117
Bacteriastrum furcatum,1,G06A,17
Cerataulina sp,4,G06A,67
Cerataulina pelagica,2,G06A,33
Chaetoceros affinis,18,G06A,300
Chaetoceros lorenzianus,4,G06A,67
Coscinodiscopsis jonesiana,10,G06A,167
Coscinodiscus gigas,11,G06A,183
Coscinodiscus granii,32,G06A,533
Coscinodiscus radiatus,3,G06A,50
Coscinodiscus sp 2,7,G06A,117
Coscinodiscus wailesii,7,G06A,117
Ditylum brightwellii,4,G06A,67
Guinardia flaccida,3,G06A,50
Guinardia delicatula,5,G06A,83
Gyrosigma sp,7,G06A,117
Hobaniella longicruris,2,G06A,33
Lithodesmium undulatum,4,G06A,67
Nepcalliptrella robusta,1,G06A,17
Odontella aurita,7,G06A,117
Rhizosolenia imbricata,4,G06A,67
Skeletonema costatum,132,G06A,2200
Skeletonema tropicum,2,G06A,33
Thalassionema nitzschioides,13,G06A,217
Trieres chinensis,22,G06A,367
Trieres mobiliensis,18,G06A,300
Tripos fusus,1,G06A,17
Tripos muelleri,1,G06A,17
Bacteriastrum delicatulum,7,G05A,117
Bacteriastrum hyalinum,7,G05A,117
Central desconocida,1,G05A,17
Cerataulina dentata,1,G05A,17
Cerataulina pelagica,1,G05A,17
Ceratocorys horrida,2,G05A,33
Chaetoceros affinis,8,G05A,133
Chaetoceros danicus,3,G05A,50
Chaetoceros diversus,4,G05A,67
Coscinodiscopsis jonesiana,1,G05A,17
Coscinodiscus gigas,11,G05A,183
Coscinodiscus granii,12,G05A,200
Coscinodiscus perforatus,6,G05A,100
Coscinodiscus radiatus,1,G05A,17
Coscinodiscus sp 1,4,G05A,67
Coscinodiscus sp 2,11,G05A,183
Dinoflagelados 1,1,G05A,17
Ditylum,1,G05A,17
Guinardia flaccida,1,G05A,17
Gyrosigma sp,2,G05A,33
Hemiaulus membranaceus,2,G05A,33
Hobaniella longicruris,1,G05A,17
Lioloma elongatum,4,G05A,67
Lithodesmium undulatum,9,G05A,150
Navicula sp,2,G05A,33
Nitzschia sp,1,G05A,17
Odontella aurita,10,G05A,167
Phalacroma rapa,1,G05A,17
Podolampas bipes,1,G05A,17
Protoperidinium (pentagonal),6,G05A,100
Rhizosolenia setigera,1,G05A,17
Skeletonema costatum,36,G05A,600
Thalassionema nitzschioides,9,G05A,150
Trieres chinensis,2,G05A,33
Trieres mobiliensis,15,G05A,250
Tripos candelabrum,1,G05A,17
Tripos fusus,1,G05A,17
Tripos massiliensis,1,G05A,17
Tripos muelleri,1,G05A,17
Bacteriastrum delicatulum,3,G04A,50
Bacteriastrum furcatum,1,G04A,17
Bacteriastrum hyalinum,4,G04A,67
Chaetoceros laciniosus,2,G04A,33
Chaetoceros affinis,2,G04A,33
Chaetoceros brevis,8,G04A,133
Chaetoceros danicus,3,G04A,50
Chaetoceros diversus,5,G04A,83
Chaetoceros lorenzianus,9,G04A,150
Chaetoceros paradoxus,6,G04A,100
Chaetoceros protuberans,4,G04A,67
Coscinodiscus gigas,2,G04A,33
Coscinodiscus granii,1,G04A,17
Coscinodiscus sp 2,9,G04A,150
Coscinodiscus wailesii,1,G04A,17
Diatomea central pequeña,1,G04A,17
Ditylum brightwellii,1,G04A,17
Guinardia flaccida,3,G04A,50
Gyrosigma sp,3,G04A,50
Hobaniella longicruris,1,G04A,17
Lioloma elongatum,1,G04A,17
Lioloma pacificum,3,G04A,50
Odontella aurita,1,G04A,17
Proboscia sp,1,G04A,17
Pyrodinium bahamense,1,G04A,17
Thalassionema nitzschioides,6,G04A,100
Trieres chinensis,2,G04A,33
Tripos declinatus,1,G04A,17
Chaetoceros affinis,25,G06B,417
Chaetoceros debilis,18,G06B,300
Chaetoceros diversus,14,G06B,233
Chaetoceros paradoxus,3,G06B,50
Chaetoceros sp 1,9,G06B,150
Coscinodiscus granii,2,G06B,33
Coscinodiscus sp 2,4,G06B,67
Ditylum brightwellii,1,G06B,17
Gyrosigma sp,1,G06B,17
Odontella aurita,1,G06B,17
Skeletonema costatum,370,G06B,6167
Trieres chinensis,6,G06B,100
Actinocyclus senarius,1,G05B,17
Aulacodiscus archangelskianus,1,G05B,17
Bacteriastrum furcatum,1,G05B,17
Chaetoceros affinis,23,G05B,383
Chaetoceros brevis,4,G05B,67
Chaetoceros lorenzianus,3,G05B,50
Chaetoceros paradoxus,3,G05B,50
Chaetoceros sp 1,6,G05B,100
Coscinodiscopsis jonesiana,17,G05B,283
Coscinodiscus granii,7,G05B,117
Coscinodiscus perforatus,10,G05B,167
Coscinodiscus sp 1,8,G05B,133
Coscinodiscus sp 2,12,G05B,200
Coscinodiscus sp 3,2,G05B,33
Coscinodisus gigas,4,G05B,67
Ditylum brightwellii,4,G05B,67
Eucampia zodiacus,1,G05B,17
Guinardia flaccida,6,G05B,100
Hobaniella longicruris,2,G05B,33
Lioloma pacificum,1,G05B,17
Odontella aurita,3,G05B,50
Proboscia sp,2,G05B,33
Skeletonema costatum,155,G05B,2583
Thalassionema nitzschioides,8,G05B,133
Trieres chinensis,10,G05B,167
Trieres mobiliensis,6,G05B,100
Aulacodiscus archangelskianus,1,G04B,17
Bacteriastrum hyalinum,1,G04B,17
Cerataulina bicornis,1,G04B,17
Chaetoceros brevis,5,G04B,83
Chaetoceros curvisetus,4,G04B,67
Chaetoceros danicus,1,G04B,17
Chaetoceros debilis,3,G04B,50
Chaetoceros diversus,11,G04B,183
Chaetoceros peruvianus,1,G04B,17
Chaetoceros sp 1,10,G04B,167
Coscinodiscopsis jonesiana,6,G04B,100
Coscinodiscus asteromphalus,1,G04B,17
Coscinodiscus gigas,1,G04B,17
Coscinodiscus granii,3,G04B,50
Coscinodiscus marginatus,1,G04B,17
Coscinodiscus perforatus,2,G04B,33
Coscinodiscus radiatus,1,G04B,17
Coscinodiscus sp 2,1,G04B,17
Coscinodiscus sp 3,7,G04B,117
Diploneis gruendleri,1,G04B,17
Ditylum brightwellii,1,G04B,17
Guinardia flaccida,8,G04B,133
Hobaniella longicruris,11,G04B,183
Lioloma elongatum,1,G04B,17
Lithodesmium undulatum,2,G04B,33
Meuniera membranacea,2,G04B,33
Navicula sp,1,G04B,17
Odontella aurita,10,G04B,167
Proboscia sp,2,G04B,33
Prorocentrum mexicanum,1,G04B,17
Protoperidinium (pentagonal -falda),1,G04B,17
Rhizosolenia imbricata,3,G04B,50
Skeletonema costatum,242,G04B,4033
Skeletonema tropicum,12,G04B,200
Synedra sp,1,G04B,17
Thalassionema nitzschioides,4,G04B,67
Trieres chinensis,11,G04B,183
Trieres mobiliensis,14,G04B,233
Chaetoceros affinis,2,G03B,33
Chaetoceros diversus,3,G03B,50
Chaetoceros peruvianus,1,G03B,17
Coscinodiscus perforatus,1,G03B,17
Guinardia flaccida,1,G03B,17
Lithodesmium undulatum,1,G03B,17
Pseudosolenia sp,1,G03B,17
Skeletonema costatum,8,G03B,133
Thalassiosira sp,1,G03B,17
Trieres chinensis,1,G03B,17
Tripos massiliensis,1,G03B,17
Tripos muelleri,1,G03B,17
Asteromphalus sp,1,G02A,17
Bacteriastrum furcatum,1,G02A,17
Bacteriastrum hyalinum,6,G02A,100
Cerataulina pelagica,5,G02A,83
Ceratocorys horrida,1,G02A,17
Chaetoceros affinis,12,G02A,200
Chaetoceros sp 1,4,G02A,67
Chaetoceros danicus,7,G02A,117
Climacodiun frauenefeldianum,4,G02A,67
Coscinodiscus granii,1,G02A,17
Dinophysis caudata,2,G02A,33
Ditylum brightwellii,2,G02A,33
Gonyaulax sp,1,G02A,17
Lioloma pacificum,3,G02A,50
Odontella aurita,1,G02A,17
Proboscia sp,5,G02A,83
Pyrophacus sp,1,G02A,17
Rhizosolenia imbricata,2,G02A,33
Skeletonema costatum,65,G02A,1083
Trieres chinensis,2,G02A,33
Tripos cf brevis,2,G02A,33
Tripos cf muelleri,1,G02A,17
Tripos cf vultur,1,G02A,17
Tripos extensus,2,G02A,33
Tripos fusus,1,G02A,17
Tripos pentagonus,3,G02A,50
Bacteriastrum hyalinum,4,G01A,67
Cerataulina sp,1,G01A,17
Cerataulina pelagica,1,G01A,17
Chaetoceros affinis,23,G01A,383
Chaetoceros danicus,9,G01A,150
Chaetoceros lorenzianus,20,G01A,333
Chaetoceros diversus,26,G01A,433
Coscinodiscus gigas,3,G01A,50
Ditylum brightwellii,1,G01A,17
Guinardia flaccida,1,G01A,17
Hemiaulus membranaceus,2,G01A,33
Lioloma pacificum,1,G01A,17
Ornitocercus thumii,3,G01A,50
Protoperidinium pyrum,1,G01A,17
Protoperidinium sp 1,2,G01A,33
Pseudonitzschia sp,4,G01A,67
Pyrophacus sp,1,G01A,17
Rhizosolenia imbricata,4,G01A,67
Skeletonema costatum,32,G01A,533
Thalassionema frauenfeldii,2,G01A,33
Trieres chinensis,2,G01A,33
Bacteriastrum hyalinum,1,G03B,17
Chaetoceros lorenzianus,16,G03B,267
Chaetoceros curvisetus,4,G03B,67
Chaetoceros diversus,5,G03B,83
Coscinodiscopsis jonesiana,2,G03B,33
Coscinodiscus asteromphalus,1,G03B,17
Coscinodiscus gigas,12,G03B,200
Coscinodiscus granii,11,G03B,183
Coscinodiscus wailesii,3,G03B,50
Ditylum brightwellii,1,G03B,17
Guinardia flaccida,2,G03B,33
Lioloma pacificum,1,G03B,17
Odontella aurita,1,G03B,17
Odontella aurita,3,G03B,50
Rhizosolenia imbricata,1,G03B,17
Skeletonema costatum,20,G03B,333
Thalassionema frauenfeldii,5,G03B,83
Trieres chinensis,4,G03B,67
Trieres mobiliensis,2,G03B,33
Tripos cf karsteni,1,G03B,17
Tripos eugrammus,2,G03B,33
Bacteriastrum hyalinum,3,G02B,50
Cerataulina pelagica,2,G02B,33
Chaetoceros affinis,2,G02B,33
Chaetoceros danicus,3,G02B,50
Chaetoceros diversus,6,G02B,100
Chaetoceros lorenzianus,2,G02B,33
Chaetoceros sp 1,6,G02B,100
Coscinodiscopsis jonesiana,1,G02B,17
Coscinodiscus gigas,1,G02B,17
Coscinodiscus granii,5,G02B,83
Coscinodiscus perforatus,1,G02B,17
Coscinodiscus sp 2,4,G02B,67
Dinophysis caudata,8,G02B,133
Ditylum brightwellii,1,G02B,17
Gyrosigma sp,2,G02B,33
Lioloma pacificum,1,G02B,17
Lithodesmium undulatum,15,G02B,250
Odontella aurita,2,G02B,33
Proboscia sp,1,G02B,17
Protoperidinium (circular),1,G02B,17
Protoperidinium sp 1,1,G02B,17
Protoperidinium sp 1,1,G02B,17
Pseudosolenia calcar-avis,2,G02B,33
Skeletonema costatum,43,G02B,717
Skeletonema tropicum,6,G02B,100
Skeletonema tropicum,6,G02B,100
Thalassionema frauenfeldii,3,G02B,50
Thalassionema nitzschioides,15,G02B,250
Trieres chinensis,5,G02B,83
Trieres mobiliensis,12,G02B,200
Tripos cf muelleri,2,G02B,33
Tripos eugrammus,3,G02B,50
Tripos extensus,4,G02B,67
Tripos muelleri,1,G02B,17
Cerataulina bicornis,2,G01B,33
Ceratocorys horrida,1,G01B,17
Chaetoceros affinis,2,G01B,33
Chaetoceros curvisetus,7,G01B,117
Chaetoceros diversus,9,G01B,150
Coscinodiscus gigas,7,G01B,117
Coscinodiscus granii,2,G01B,33
Coscinodiscus sp 2,2,G01B,33
Coscinodiscopsis jonesiana,1,G01B,17
Dinophysis caudata,2,G01B,33
Ditylum brightwellii,5,G01B,83
Gonyaulax sp,1,G01B,17
Guinardia striata,2,G01B,33
Lithodesmium undulatum,1,G01B,17
Prorocentrum cf cordatum,1,G01B,17
Protoperidinium (pentagonal),4,G01B,67
Pseudonitzschia sp,1,G01B,17
Pyrodinium sp,1,G01B,17
Skeletonema costatum,43,G01B,717
Thalassionema frauenfeldii,4,G01B,67
Thalassionema sp,2,G01B,33
Trieres chinensis,7,G01B,117
Tripos aff brevis,2,G01B,33
Tripos muelleri,6,G01B,100
Actinocyclus senarius,5,A06A,83
Bacteriastrum delicatulum,2,A06A,33
Chaetoceros affinis,19,A06A,317
Chaetoceros danicus,6,A06A,100
Coscinodiscopsis jonesiana,57,A06A,950
Coscinodiscus asteromphalus,3,A06A,50
Coscinodiscus granii,14,A06A,233
Coscinodiscus perforatus,5,A06A,83
Coscinodiscus wailesii,7,A06A,117
Ditylum brightwellii,3,A06A,50
Guinardia flaccida,3,A06A,50
Gyrodinium spirale,1,A06A,17
Gyrosigma sp,4,A06A,67
Hobaniella longicruris,1,A06A,17
Lithodesmium undulatum,24,A06A,400
Odontella aurita,1,A06A,17
Phaeodactylum,6,A06A,100
Phalacorma sp,1,A06A,17
Planktoniella muriformis,248,A06A,4133
Protoperidinium (circular),3,A06A,50
Skeletonema costatum,232,A06A,3867
Streptotheca sp,7,A06A,117
Thalassionema frauenfeldii,35,A06A,583
Thalassionema nitzschioides,8,A06A,133
Thalassionema sp,1,A06A,17
Thalassiosira sp,2,A06A,33
Trieres chinensis,32,A06A,533
Trieres mobiliensis,13,A06A,217
Tripos muelleri,1,A06A,17
Chaetoceros diversus,2,A05A,33
Coscinodiscopsis jonesiana,4,A05A,67
Coscinodiscus gigas,4,A05A,67
Coscinodiscus perforatus,1,A05A,17
Coscinodiscus sp 2,2,A05A,33
Coscinodiscus wailesii,1,A05A,17
Guinardia flaccida,1,A05A,17
Hobaniella longicruris,2,A05A,33
Odontella aurita,4,A05A,67
Skeletonema costatum,26,A05A,433
Stellarima sp,1,A05A,17
Thalassionema nitzschioides,2,A05A,33
Trieres chinensis,2,A05A,33
Trieres mobiliensis,3,A05A,50
Tripos muelleri,1,A05A,17
Coscinodiscus gigas,7,A04A,117
Coscinodiscus granii,6,A04A,100
Lithodesmium undulatum,1,A04A,17
Protoperidinium sp3,2,A04A,33
Skeletonema costatum,10,A04A,167
Thalassionema nitzschioides,2,A04A,33
Thalassionema sp,3,A04A,50
Trieres chinensis,1,A04A,17
Coscinodiscopsis jonesiana,3,A03A,50
Coscinodiscus wailesii,1,A03A,17
Coscinodiscus wailesii,5,A03A,83
Podolampas bipes,1,A03A,17
Protoperidinium (circular),2,A03A,33
Pyrodinium bahamense,1,A03A,17
Skeletonema costatum,40,A03A,667
Thalassionema frauenfeldii,7,A03A,117
Thalassionema,1,A03A,17
Trieres chinensis,2,A03A,33
Trieres mobiliensis,3,A03A,50
Tripos cf mssiliensis,1,A03A,17
Tripos extensus,1,A03A,17
Actinociclus sp,6,A06A,100
Actinocyclus senarius,3,A06A,50
Coscinodiscopsis jonesiana,60,A06A,1000
Coscinodiscus centralis,2,A06A,33
Coscinodiscus granii,3,A06A,50
Coscinodiscus perforatus,3,A06A,50
Coscinodiscus sp 1,1,A06A,17
Gyrosigma sp,1,A06A,17
Protoperidinium sp 1,2,A06A,33
Protoperidinium sp 1,4,A06A,67
Protoperidinium (pentagonal),3,A06A,50
Skeletonema costatum,19,A06A,317
Thalassionema frauenfeldii,3,A06A,50
Thalassiosira sp,1,A06A,17
Thalassionema,1,A06A,17
Trieres chinensis,5,A06A,83
Trieres mobiliensis,2,A06A,33
Tripos eugrammus,1,A06A,17
Chaetoceros affinis,1,A05B,17
Chaetoceros curvisetus,6,A05B,100
Coscinodiscopsis jonesiana,51,A05B,850
Coscinodiscus granii,5,A05B,83
Coscinodiscus radiatus,4,A05B,67
Coscinodiscus sp 1,4,A05B,67
Coscinodiscus sp 2,6,A05B,100
Coscinodiscus wailesii,2,A05B,33
Hobaniella longicruris,2,A05B,33
Lithodesmium undulatum,2,A05B,33
Odontella aurita,2,A05B,33
Protoperidinium (circular),1,A05B,17
Protoperidinium (pentagonal),2,A05B,33
Protoperidinium (pentagonal-falda),1,A05B,17
Skeletonema costatum,13,A05B,217
Thalassionema frauenfeldii,2,A05B,33
Thalassionema sp,1,A05B,17
Thalassiosira sp,4,A05B,67
Trieres chinensis,5,A05B,83
Trieres mobiliensis,6,A05B,100
Tripos eugrammus,1,A05B,17
Tripos massiliensis,1,A05B,17
Actinocyclus senarius,1,A04B,17
Bacteriastrum hyalinum,4,A04B,67
Chaetoceros affinis,12,A04B,200
Chaetoceros lorenzianus,4,A04B,67
Chaetoceros peruvianus,3,A04B,50
Chaetoceros sp 1,14,A04B,233
Coscinodiscopsis jonesiana,16,A04B,267
Coscinodiscus asteromphalus,2,A04B,33
Coscinodiscus granii,4,A04B,67
Coscinodiscus perforatus,5,A04B,83
Dinophysis caudata,6,A04B,100
Ditylum brightwellii,4,A04B,67
Hobaniella longicruris,1,A04B,17
Lithodesmium undulatum,8,A04B,133
Nitzschia closterium,1,A04B,17
Odontella aurita,1,A04B,17
Proboscia sp,3,A04B,50
Protoperidinium sp 1,2,A04B,33
Protoperidinium sp 1,1,A04B,17
Skeletonema costatum,78,A04B,1300
Thalassionema frauenfeldii,12,A04B,200
Thalassionema nitzschioides,4,A04B,67
Thalassionema sp,3,A04B,50
Thalassiosira sp,2,A04B,33
Trieres chinensis,20,A04B,333
Trieres mobiliensis,11,A04B,183
Tripos trichoceros,1,A04B,17
Actinocyclus senarius,2,A03B,33
Bacillaria paxillifer,11,A03B,183
Cerataulina pelagica,1,A03B,17
Chaetoceros curvisetus,10,A03B,167
Cianobacteria,83,A03B,1383
Coscinodiscopsis jonesiana,8,A03B,133
Coscinodiscus centralis,2,A03B,33
Coscinodiscus sp 2,3,A03B,50
Coscinodiscus granii,12,A03B,200
Ditylum brightwellii,1,A03B,17
Guinardia flaccida,1,A03B,17
Lithodesmium undulatum,2,A03B,33
Odontella aurita,1,A03B,17
Planktoniella muriformis,77,A03B,1283
Protoperidinium (pentagonal-falda),3,A03B,50
Protoperidinium (pentagonal),1,A03B,17
Pseudonitzschia sp,2,A03B,33
Rhizosolenia imbricata,2,A03B,33
Skeletonema costatum,35,A03B,583
Skeletonema tropicum,7,A03B,117
Streptotheca sp,4,A03B,67
Thalassionema frauenfeldii,5,A03B,83
Thalassionema nitzschioides,2,A03B,33
Thalassionema sp,4,A03B,67
Trieres chinensis,5,A03B,83
Trieres mobiliensis,7,A03B,117
Tripos eugrammus,1,A03B,17
Bacteriastrum hyalinum,2,S02A,33
Coscinodiscus gigas,5,S02A,83
Coscinodiscus granii,1,S02A,17
Coscinodiscus wailesii,3,S02A,50
Cyclotella striata,2,S02A,33
Dactyliosolen sp,1,S02A,17
Gonyaulax sp,3,S02A,50
Lioloma elongatum,2,S02A,33
Skeletonema costatum,104,S02A,1733
Trieres chinensis,1,S02A,17
Tripos muelleri,3,S02A,50
Tripos sp,3,S02A,50
Ceratocorys horrida,1,S01A,17
Chaetoceros diversus,7,S01A,117
Chaetoceros protuberans,2,S01A,33
Coscinodiscopsis jonesiana,1,S01A,17
Coscinodiscus gigas,7,S01A,117
Coscinodiscus granii,2,S01A,33
Coscinodiscus sp 2,1,S01A,17
Ceratocorys horrida,1,S01A,17
Dinoflagelado circular,1,S01A,17
Lithodesmium undulatum,2,S01A,33
Ornitocercus sp,1,S01A,17
Phalacroma rapa,1,S01A,17
Proboscia sp,2,S01A,33
Skeletonema costatum,70,S01A,1167
Thalassionema nitzschioides,2,S01A,33
Trieres chinensis,2,S01A,33
Tripos aff muelleri-brevis,3,S01A,50
Tripos brevis,1,S01A,17
Tripos sp,1,S01A,17
Ceratocorys horrida,1,A02A,17
Chaetoceros diversus,8,A02A,133
Chaetoceros lorenzianus,4,A02A,67
Coscinodiscopsis jonesiana,3,A02A,50
Coscinodiscus gigas,4,A02A,67
Coscinodiscus granii,1,A02A,17
Coscinodiscus wailesii,1,A02A,17
Ditylum brightwellii,2,A02A,33
Protoperidinium (esperico),3,A02A,50
Protoperidinium (pentagonal),1,A02A,17
Rhizosolenia imbricata,2,A02A,33
Skeletonema costatum,12,A02A,200
Thalassionema frauenfeldii,4,A02A,67
Trieres chinensis,3,A02A,50
Tripos eugrammus,1,A02A,17
Tripos lunula,1,A02A,17
Tripos massiliensis,3,A02A,50
Tripos muelleri,3,A02A,50
Bacteriastrum furcatum,1,A01A,17
Bacteriastrum hyalinum,2,A01A,33
Ceratocorys horrida,1,A01A,17
Chaetoceros diversus,2,A01A,33
Chaetoceros lorenzianus,4,A01A,67
Coscinodiscus gigas,3,A01A,50
Coscinodiscus granii,3,A01A,50
Dinoflageladodesnudo,1,A01A,17
Proboscia sp,2,A01A,33
Protoperidinium (circular),1,A01A,17
Pyrocystis sp,1,A01A,17
Rhizosolenia imbricata,1,A01A,17
Skeletonema costatum,10,A01A,167
Thalassionema nitzschioides/pseudo,3,A01A,50
Thalassiosira sp,1,A01A,17
Trieres chinensis,1,A01A,17
Trios muelleri,2,A01A,33
Tripos macroceroS,1,A01A,17
Tripos massiliensis,1,A01A,17
Alexandrium sp,3,S02B,50
Cerataulina pelagica,4,S02B,67
Chaetoceros curvisetus,16,S02B,267
Coscinodiscus gigas,5,S02B,83
Coscinodiscus granii,3,S02B,50
Coscinodiscus sp 2,1,S02B,17
Dinophysis caudata,2,S02B,33
Ditylum brightwellii,1,S02B,17
Ditylum brightwellii,3,S02B,50
Pseudonitzschia sp,2,S02B,33
Pyrodinium sp,1,S02B,17
Skeletonema costatum,45,S02B,750
Skeletonema pseudocostatum,8,S02B,133
Thalassionema frauenfeldii,2,S02B,33
Thalassionema nitzschioides,3,S02B,50
Thalssionema ,1,S02B,17
Trieres chinensis,2,S02B,33
Tripos massiliensis,1,S02B,17
Tripos muelleri,2,S02B,33
Tripos muelleri,1,S02B,17
Chaetoceros affinis,2,S01B,33
Chaetoceros danicus,2,S01B,33
Chaetoceros diversus,4,S01B,67
Chaetoceros lorenzianus,4,S01B,67
Coscinodiscus asteromphalus,1,S01B,17
Coscinodiscus gigas,16,S01B,267
Coscinodiscus granii,4,S01B,67
Coscinodiscus radiatus,1,S01B,17
Coscinodiscus sp 2,2,S01B,33
Coscinodiscus wailesii,2,S01B,33
Ditylum brightwellii,1,S01B,17
Proboscia sp,1,S01B,17
Skeletonema costatum,8,S01B,133
Thalassionema nitzschioides,1,S01B,17
Asteromphalus sp,2,A02B,33
Cerataulina pelagica,2,A02B,33
Chaetoceros curvisetus,7,A02B,117
Chaetoceros diversus,4,A02B,67
Chaetoceros lorenzianus,6,A02B,100
Coscinodiscopsis jonesiana,5,A02B,83
Coscinodiscus gigas,5,A02B,83
Coscinodiscus granii,15,A02B,250
Coscinodiscus perforatus,2,A02B,33
Dinophysis caudata,12,A02B,200
Ditylum brightwellii,4,A02B,67
Gonyaulax sp,2,A02B,33
Lithodesmium undulatum,2,A02B,33
Proboscia sp,4,A02B,67
Protoperidinium sp 1,4,A02B,67
Protoperidinium sp 2,1,A02B,17
Pseudonitzschia sp,6,A02B,100
Pyrophacus sp,2,A02B,33
Rhizosolenia imbricata,3,A02B,50
Skeletonema costatum,159,A02B,2650
Skeletonema tropicum,39,A02B,650
Thalassionema nitzschioides,2,A02B,33
Trieres chinensis,16,A02B,267
Trieres mobiliensis,3,A02B,50
Tripos eugrammus,4,A02B,67
Bacteriastrum furcatum,2,A01B,33
Cerataulina pelagica,3,A01B,50
Chaetoceros affinis,2,A01B,33
Chaetoceros curvisetus,9,A01B,150
Chaetoceros danicus,6,A01B,100
Chaetoceros debilis,5,A01B,83
Chaetoceros diversus,5,A01B,83
Chaetoceros lorenzianus,7,A01B,117
Chaetoceros peruvianus,1,A01B,17
Coscinodiscopsis jonesiana,1,A01B,17
Coscinodiscus gigas,4,A01B,67
Coscinodiscus granii,8,A01B,133
Coscinodiscus perforatus,2,A01B,33
Coscinodiscus radiatus,1,A01B,17
Coscinodiscus sp 2,7,A01B,117
Coscinodiscus wailesii,1,A01B,17
Dinophysis caudata,2,A01B,33
Ditylum brightwellii,3,A01B,50
Gonyalacaceae,1,A01B,17
Gonyaulax polygramma,1,A01B,17
Hemiaulus membranaceus,1,A01B,17
Lithodesmium undulatum,3,A01B,50
Phalacroma sp,1,A01B,17
Proboscia sp,1,A01B,17
Protoperidinium (circular),5,A01B,83
Protoperidinium pyriforme,1,A01B,17
Protoperidinium sp 1,11,A01B,183
Pseudonitzschia sp,5,A01B,83
Scripsiella sp,1,A01B,17
Skeletonema costatum,136,A01B,2267
Skeletonema tropicum,49,A01B,817
Thalassionema nitzschioides,6,A01B,100
Trieres chinensis,7,A01B,117
Tripos arietinus,1,A01B,17
Tripos eugrammus,6,A01B,100
Tripos fusus,2,A01B,33
Tripos massiliensis,2,A01B,33
Tripos muelleri,14,A01B,233
